﻿<?xml version="1.0" encoding="utf-8"?>
<GameProfile xmlns:xsi="http://www.w3.org/2001/XMLSchema-instance" xmlns:xsd="http://www.w3.org/2001/XMLSchema">
  <GameName>Lost Land Adventure</GameName>
  <GameGenre>Shooter</GameGenre>
  <GamePath/>
  <TestMenuParameter/>
  <TestMenuIsExecutable>false</TestMenuIsExecutable>
  <ExtraParameters/>
  <TestMenuExtraParameters/>
  <IconName></IconName>
  <GameProfileRevision>13</GameProfileRevision>
  <Is64Bit>true</Is64Bit>
  <HasSeparateTestMode>false</HasSeparateTestMode>
  <EmulationProfile>LostLandAdventuresPAL</EmulationProfile>
  <EmulatorType>TeknoParrot</EmulatorType>
  <InvertedMouseAxis>true</InvertedMouseAxis>
  <GunGame>true</GunGame>
  <DevOnly>true</DevOnly>
  <ConfigValues>
    <FieldInformation>
      <CategoryName>General</CategoryName>
      <FieldName>Input API</FieldName>
      <FieldValue>RawInput</FieldValue>
      <FieldType>Dropdown</FieldType>
      <FieldOptions>
        <string>DirectInput</string>
        <string>XInput</string>
        <string>RawInput</string>
      </FieldOptions>
    </FieldInformation>
    <FieldInformation>
      <CategoryName>General</CategoryName>
      <FieldName>FreePlay</FieldName>
      <FieldValue>0</FieldValue>
      <FieldType>Bool</FieldType>
    </FieldInformation>
    <FieldInformation>
      <CategoryName>General</CategoryName>
      <FieldName>Windowed</FieldName>
      <FieldValue>0</FieldValue>
      <FieldType>Bool</FieldType>
    </FieldInformation>
    <FieldInformation>
      <CategoryName>General</CategoryName>
      <FieldName>HideCursor</FieldName>
      <FieldValue>0</FieldValue>
      <FieldType>Bool</FieldType>
    </FieldInformation>
    <FieldInformation>
      <CategoryName>General</CategoryName>
      <FieldName>Use Relative Input</FieldName>
      <FieldValue>0</FieldValue>
      <FieldType>Bool</FieldType>
    </FieldInformation>
    <FieldInformation>
      <CategoryName>General</CategoryName>
      <FieldName>Player 1 Relative Sensitivity</FieldName>
      <FieldValue>Medium High</FieldValue>
      <FieldType>Dropdown</FieldType>
      <FieldOptions>
        <string>Ultra Low</string>
        <string>Very Low</string>
        <string>Low</string>
        <string>Medium Low</string>
        <string>Medium</string>
        <string>Medium High</string>
        <string>High</string>
        <string>Very High</string>
        <string>Ultra High</string>
        <string>Ultra Turbo</string>
      </FieldOptions>
    </FieldInformation>
    <FieldInformation>
      <CategoryName>General</CategoryName>
      <FieldName>Player 2 Relative Sensitivity</FieldName>
      <FieldValue>Medium High</FieldValue>
      <FieldType>Dropdown</FieldType>
      <FieldOptions>
        <string>Ultra Low</string>
        <string>Very Low</string>
        <string>Low</string>
        <string>Medium Low</string>
        <string>Medium</string>
        <string>Medium High</string>
        <string>High</string>
        <string>Very High</string>
        <string>Ultra High</string>
        <string>Ultra Turbo</string>
      </FieldOptions>
    </FieldInformation>
  </ConfigValues>
  <JoystickButtons>
    <JoystickButtons>
      <ButtonName>Service Sw</ButtonName>
      <InputMapping>Service1</InputMapping>
    </JoystickButtons>
    <JoystickButtons>
      <ButtonName>Service Panel</ButtonName>
      <InputMapping>P1Button2</InputMapping>
    </JoystickButtons>
    <JoystickButtons>
      <ButtonName>Coin</ButtonName>
      <InputMapping>Coin1</InputMapping>
    </JoystickButtons>
    <JoystickButtons>
      <ButtonName>Player 1 Start</ButtonName>
      <InputMapping>P1Button3</InputMapping>
    </JoystickButtons>
    <JoystickButtons>
      <ButtonName>Player 1 Light Gun</ButtonName>
      <InputMapping>P1LightGun</InputMapping>
      <HideWithDirectInput>true</HideWithDirectInput>
      <HideWithXInput>true</HideWithXInput>
    </JoystickButtons>
    <JoystickButtons>
      <ButtonName>Player 1 Gun X</ButtonName>
      <InputMapping>Analog0</InputMapping>
      <AnalogType>AnalogJoystick</AnalogType>
      <HideWithRawInput>true</HideWithRawInput>
      <HideWithRelativeAxis>true</HideWithRelativeAxis>
    </JoystickButtons>
    <JoystickButtons>
      <ButtonName>Player 1 Gun Y</ButtonName>
      <InputMapping>Analog2</InputMapping>
      <AnalogType>AnalogJoystickReverse</AnalogType>
      <HideWithRawInput>true</HideWithRawInput>
      <HideWithRelativeAxis>true</HideWithRelativeAxis>
    </JoystickButtons>
    <JoystickButtons>
      <ButtonName>Player 1 Gun Y Up</ButtonName>
      <InputMapping>P1ButtonUp</InputMapping>
      <HideWithoutRelativeAxis>true</HideWithoutRelativeAxis>
      <HideWithRawInput>true</HideWithRawInput>
    </JoystickButtons>
    <JoystickButtons>
      <ButtonName>Player 1 Gun Y Down</ButtonName>
      <InputMapping>P1ButtonDown</InputMapping>
      <HideWithoutRelativeAxis>true</HideWithoutRelativeAxis>
      <HideWithRawInput>true</HideWithRawInput>
    </JoystickButtons>
    <JoystickButtons>
      <ButtonName>Player 1 Gun X Left</ButtonName>
      <InputMapping>P1ButtonLeft</InputMapping>
      <HideWithoutRelativeAxis>true</HideWithoutRelativeAxis>
      <HideWithRawInput>true</HideWithRawInput>
    </JoystickButtons>
    <JoystickButtons>
      <ButtonName>Player 1 Gun X Right</ButtonName>
      <InputMapping>P1ButtonRight</InputMapping>
      <HideWithoutRelativeAxis>true</HideWithoutRelativeAxis>
      <HideWithRawInput>true</HideWithRawInput>
    </JoystickButtons>
    <JoystickButtons>
      <ButtonName>Player 1 Gun Trigger</ButtonName>
      <InputMapping>P2Button1</InputMapping>
    </JoystickButtons>
    <JoystickButtons>
      <ButtonName>Player 2 Start</ButtonName>
      <InputMapping>P1Button4</InputMapping>
    </JoystickButtons>
    <JoystickButtons>
      <ButtonName>Player 2 Light Gun</ButtonName>
      <InputMapping>P2LightGun</InputMapping>
      <HideWithDirectInput>true</HideWithDirectInput>
      <HideWithXInput>true</HideWithXInput>
    </JoystickButtons>
    <JoystickButtons>
      <ButtonName>Player 2 Gun X</ButtonName>
      <InputMapping>Analog4</InputMapping>
      <AnalogType>AnalogJoystick</AnalogType>
      <HideWithRawInput>true</HideWithRawInput>
      <HideWithRelativeAxis>true</HideWithRelativeAxis>
    </JoystickButtons>
    <JoystickButtons>
      <ButtonName>Player 2 Gun Y</ButtonName>
      <InputMapping>Analog6</InputMapping>
      <AnalogType>AnalogJoystickReverse</AnalogType>
      <HideWithRawInput>true</HideWithRawInput>
      <HideWithRelativeAxis>true</HideWithRelativeAxis>
    </JoystickButtons>
    <JoystickButtons>
      <ButtonName>Player 2 Gun Y Up</ButtonName>
      <InputMapping>P2ButtonUp</InputMapping>
      <HideWithoutRelativeAxis>true</HideWithoutRelativeAxis>
      <HideWithRawInput>true</HideWithRawInput>
    </JoystickButtons>
    <JoystickButtons>
      <ButtonName>Player 2 Gun Y Down</ButtonName>
      <InputMapping>P2ButtonDown</InputMapping>
      <HideWithoutRelativeAxis>true</HideWithoutRelativeAxis>
      <HideWithRawInput>true</HideWithRawInput>
    </JoystickButtons>
    <JoystickButtons>
      <ButtonName>Player 2 Gun X Left</ButtonName>
      <InputMapping>P2ButtonLeft</InputMapping>
      <HideWithoutRelativeAxis>true</HideWithoutRelativeAxis>
      <HideWithRawInput>true</HideWithRawInput>
    </JoystickButtons>
    <JoystickButtons>
      <ButtonName>Player 2 Gun X Right</ButtonName>
      <InputMapping>P2ButtonRight</InputMapping>
      <HideWithoutRelativeAxis>true</HideWithoutRelativeAxis>
      <HideWithRawInput>true</HideWithRawInput>
    </JoystickButtons>
    <JoystickButtons>
      <ButtonName>Player 2 Gun Trigger</ButtonName>
      <InputMapping>P2Button2</InputMapping>
    </JoystickButtons>
    <JoystickButtons>
      <ButtonName>Test Menu Up</ButtonName>
      <InputMapping>P1ButtonUp</InputMapping>
    </JoystickButtons>
    <JoystickButtons>
      <ButtonName>Test Menu Down</ButtonName>
      <InputMapping>P1ButtonDown</InputMapping>
    </JoystickButtons>
    <JoystickButtons>
      <ButtonName>Enter Switch</ButtonName>
      <InputMapping>P1Button1</InputMapping>
    </JoystickButtons>
    <JoystickButtons>
      <ButtonName>PIN 123</ButtonName>
      <InputMapping>P1Button5</InputMapping>
    </JoystickButtons>
    <JoystickButtons>
      <ButtonName>PIN 456</ButtonName>
      <InputMapping>P1Button6</InputMapping>
    </JoystickButtons>
    <JoystickButtons>
      <ButtonName>PIN *0H</ButtonName>
      <InputMapping>ExtensionOne12</InputMapping>
    </JoystickButtons>
    <JoystickButtons>
      <ButtonName>PIN 789</ButtonName>
      <InputMapping>ExtensionOne13</InputMapping>
    </JoystickButtons>
  </JoystickButtons>
</GameProfile>
