﻿<?xml version="1.0" encoding="utf-8"?>
<GameProfile xmlns:xsi="http://www.w3.org/2001/XMLSchema-instance" xmlns:xsd="http://www.w3.org/2001/XMLSchema">
  <GameName>Theatrhythm Final Fantasy: All-Star Carnival</GameName>
  <GameGenre>Rhythm</GameGenre>
  <GamePath/>
  <TestMenuParameter></TestMenuParameter>
  <TestMenuIsExecutable>false</TestMenuIsExecutable>
  <ExtraParameters/>
  <TestMenuExtraParameters/>
  <IconName>Icons\Theatrhythm.png</IconName>
  <EmulationProfile>Theatrhythm</EmulationProfile>
  <GameProfileRevision>8</GameProfileRevision>
  <HasSeparateTestMode>false</HasSeparateTestMode>
  <EmulatorType>OpenParrot</EmulatorType>
  <Is64Bit>true</Is64Bit>
  <ExecutableName>game.exe</ExecutableName>
  <ConfigValues>
    <FieldInformation>
      <CategoryName>General</CategoryName>
      <FieldName>Input API</FieldName>
      <FieldValue>DirectInput</FieldValue>
      <FieldType>Dropdown</FieldType>
      <FieldOptions>
        <string>DirectInput</string>
        <string>XInput</string>
      </FieldOptions>
    </FieldInformation>
    <FieldInformation>
      <CategoryName>General</CategoryName>
      <FieldName>Windowed</FieldName>
      <FieldValue>1</FieldValue>
      <FieldType>Bool</FieldType>
    </FieldInformation>
    <FieldInformation>
      <CategoryName>General</CategoryName>
      <FieldName>ResWidth</FieldName>
      <FieldValue>1920</FieldValue>
      <FieldType>Text</FieldType>
    </FieldInformation>
    <FieldInformation>
      <CategoryName>General</CategoryName>
      <FieldName>ResHeight</FieldName>
      <FieldValue>1080</FieldValue>
      <FieldType>Text</FieldType>
    </FieldInformation>
    <FieldInformation>
      <CategoryName>General</CategoryName>
      <FieldName>PlayerName</FieldName>
      <FieldValue>TeknoGods</FieldValue>
      <FieldType>Text</FieldType>
    </FieldInformation>
    <FieldInformation>
      <CategoryName>Network</CategoryName>
      <FieldName>Dhcp</FieldName>
      <FieldValue>1</FieldValue>
      <FieldType>Bool</FieldType>
    </FieldInformation>
    <FieldInformation>
      <CategoryName>Network</CategoryName>
      <FieldName>Ip</FieldName>
      <FieldValue>192.168.1.2</FieldValue>
      <FieldType>Text</FieldType>
    </FieldInformation>
    <FieldInformation>
      <CategoryName>Network</CategoryName>
      <FieldName>Mask</FieldName>
      <FieldValue>255.255.255.0</FieldValue>
      <FieldType>Text</FieldType>
    </FieldInformation>
    <FieldInformation>
      <CategoryName>Network</CategoryName>
      <FieldName>Gateway</FieldName>
      <FieldValue>192.168.1.1</FieldValue>
      <FieldType>Text</FieldType>
    </FieldInformation>
    <FieldInformation>
      <CategoryName>Network</CategoryName>
      <FieldName>Dns1</FieldName>
      <FieldValue>192.168.1.1</FieldValue>
      <FieldType>Text</FieldType>
    </FieldInformation>
  </ConfigValues>
  <JoystickButtons>
    <JoystickButtons>
      <ButtonName>Test</ButtonName>
      <InputMapping>Test</InputMapping>
    </JoystickButtons>
    <JoystickButtons>
      <ButtonName>Service</ButtonName>
      <InputMapping>Service1</InputMapping>
    </JoystickButtons>
    <JoystickButtons>
      <ButtonName>Select Switch</ButtonName>
      <InputMapping>Service2</InputMapping>
    </JoystickButtons>
    <JoystickButtons>
      <ButtonName>Coin</ButtonName>
      <InputMapping>Coin1</InputMapping>
    </JoystickButtons>
    <JoystickButtons>
      <ButtonName>Enter Switch</ButtonName>
      <InputMapping>P1ButtonStart</InputMapping>
    </JoystickButtons>
    <JoystickButtons>
      <ButtonName>Left Stick Up</ButtonName>
      <InputMapping>P1ButtonUp</InputMapping>
    </JoystickButtons>
    <JoystickButtons>
      <ButtonName>Left Stick Down</ButtonName>
      <InputMapping>P1ButtonDown</InputMapping>
    </JoystickButtons>
    <JoystickButtons>
      <ButtonName>Left Stick Left</ButtonName>
      <InputMapping>P1ButtonLeft</InputMapping>
    </JoystickButtons>
    <JoystickButtons>
      <ButtonName>Left Stick Right</ButtonName>
      <InputMapping>P1ButtonRight</InputMapping>
    </JoystickButtons>
    <JoystickButtons>
      <ButtonName>Right Stick Up</ButtonName>
      <InputMapping>P1Button1</InputMapping>
    </JoystickButtons>
    <JoystickButtons>
      <ButtonName>Right Stick Down</ButtonName>
      <InputMapping>P1Button2</InputMapping>
    </JoystickButtons>
    <JoystickButtons>
      <ButtonName>Right Stick Left</ButtonName>
      <InputMapping>P1Button3</InputMapping>
    </JoystickButtons>
    <JoystickButtons>
      <ButtonName>Right Stick Right</ButtonName>
      <InputMapping>P1Button4</InputMapping>
    </JoystickButtons>
    <JoystickButtons>
      <ButtonName>Left Button</ButtonName>
      <InputMapping>P2ButtonStart</InputMapping>
    </JoystickButtons>
    <JoystickButtons>
      <ButtonName>Right Button</ButtonName>
      <InputMapping>ExtensionOne3</InputMapping>
    </JoystickButtons>
  </JoystickButtons>
</GameProfile>
