﻿<?xml version="1.0" encoding="utf-8"?>
<GameProfile xmlns:xsi="http://www.w3.org/2001/XMLSchema-instance" xmlns:xsd="http://www.w3.org/2001/XMLSchema">
  <GameName>Ring Riders</GameName>
  <GameGenre>Racing</GameGenre>
  <GamePath/>
  <TestMenuParameter></TestMenuParameter>
  <TestMenuIsExecutable>false</TestMenuIsExecutable>
  <ExtraParameters/>
  <TestMenuExtraParameters></TestMenuExtraParameters>
  <IconName></IconName>
  <EmulationProfile>RingRiders</EmulationProfile>
  <GameProfileRevision>8</GameProfileRevision>
  <HasSeparateTestMode>false</HasSeparateTestMode>
  <EmulatorType>Lindbergh</EmulatorType>
  <ExecutableName>gameport</ExecutableName>
  <DevOnly>true</DevOnly>
  <msysType>1</msysType>
  <ConfigValues>
    <FieldInformation>
      <CategoryName>General</CategoryName>
      <FieldName>Input API</FieldName>
      <FieldValue>DirectInput</FieldValue>
      <FieldType>Dropdown</FieldType>
      <FieldOptions>
        <string>DirectInput</string>
        <string>XInput</string>
      </FieldOptions>
    </FieldInformation>
    <FieldInformation>
      <CategoryName>General</CategoryName>
      <FieldName>AMDCrashFix</FieldName>
      <FieldValue>0</FieldValue>
      <FieldType>Bool</FieldType>
    </FieldInformation>
    <FieldInformation>
      <CategoryName>General</CategoryName>
      <FieldName>Windowed</FieldName>
      <FieldValue>1</FieldValue>
      <FieldType>Bool</FieldType>
    </FieldInformation>
    <FieldInformation>
      <CategoryName>General</CategoryName>
      <FieldName>Use Keyboard/Button For Axis</FieldName>
      <FieldValue>0</FieldValue>
      <FieldType>Bool</FieldType>
    </FieldInformation>
    <FieldInformation>
      <CategoryName>General</CategoryName>
      <FieldName>Keyboard/Button Axis Wheel Sensitivity</FieldName>
      <FieldValue>Medium</FieldValue>
      <FieldType>Dropdown</FieldType>
      <FieldOptions>
        <string>Low</string>
        <string>Medium Low</string>
        <string>Medium</string>
        <string>Medium High</string>
        <string>High</string>
        <string>Instant</string>
      </FieldOptions>
    </FieldInformation>
    <FieldInformation>
      <CategoryName>General</CategoryName>
      <FieldName>Keyboard/Button Axis Handlebar Sensitivity</FieldName>
      <FieldValue>Medium</FieldValue>
      <FieldType>Dropdown</FieldType>
      <FieldOptions>
        <string>Low</string>
        <string>Medium Low</string>
        <string>Medium</string>
        <string>Medium High</string>
        <string>High</string>
        <string>Instant</string>
      </FieldOptions>
    </FieldInformation>
    <FieldInformation>
      <CategoryName>General</CategoryName>
      <FieldName>Keyboard/Button Axis Pedal Sensitivity</FieldName>
      <FieldValue>Medium</FieldValue>
      <FieldType>Dropdown</FieldType>
      <FieldOptions>
        <string>Low</string>
        <string>Medium Low</string>
        <string>Medium</string>
        <string>Medium High</string>
        <string>High</string>
        <string>Instant</string>
      </FieldOptions>
    </FieldInformation>
    <FieldInformation>
      <CategoryName>General</CategoryName>
      <FieldName>ResolutionWidth</FieldName>
      <FieldValue>640</FieldValue>
      <FieldType>Text</FieldType>
    </FieldInformation>
    <FieldInformation>
      <CategoryName>General</CategoryName>
      <FieldName>ResolutionHeight</FieldName>
      <FieldValue>480</FieldValue>
      <FieldType>Text</FieldType>
    </FieldInformation>
    <FieldInformation>
      <CategoryName>Sound</CategoryName>
      <FieldName>MuteMusic</FieldName>
      <FieldValue>0</FieldValue>
      <FieldType>Bool</FieldType>
    </FieldInformation>
    <FieldInformation>
      <CategoryName>Sound</CategoryName>
      <FieldName>MuteEffects</FieldName>
      <FieldValue>0</FieldValue>
      <FieldType>Bool</FieldType>
    </FieldInformation>
  </ConfigValues>
  <JoystickButtons>
    <JoystickButtons>
      <ButtonName>Test</ButtonName>
      <InputMapping>Test</InputMapping>
    </JoystickButtons>
    <JoystickButtons>
      <ButtonName>Service</ButtonName>
      <InputMapping>Service1</InputMapping>
    </JoystickButtons>
    <JoystickButtons>
      <ButtonName>Coin Chute 1</ButtonName>
      <InputMapping>Coin1</InputMapping>
    </JoystickButtons>
    <JoystickButtons>
      <ButtonName>Coin Chute 2</ButtonName>
      <InputMapping>Coin2</InputMapping>
    </JoystickButtons>
    <JoystickButtons>
      <ButtonName>Volume Up</ButtonName>
      <InputMapping>P2ButtonUp</InputMapping>
    </JoystickButtons>
    <JoystickButtons>
      <ButtonName>Volume Down</ButtonName>
      <InputMapping>P2ButtonDown</InputMapping>
    </JoystickButtons>
    <JoystickButtons>
      <ButtonName>Menu Up</ButtonName>
      <InputMapping>P1ButtonUp</InputMapping>
    </JoystickButtons>
    <JoystickButtons>
      <ButtonName>Menu Down</ButtonName>
      <InputMapping>P1Button1</InputMapping>
    </JoystickButtons>
    <JoystickButtons>
      <ButtonName>View Button</ButtonName>
      <InputMapping>P1Button2</InputMapping>
    </JoystickButtons>
    <JoystickButtons>
      <ButtonName>Start Button</ButtonName>
      <InputMapping>P1Button3</InputMapping>
    </JoystickButtons>
    <JoystickButtons>
      <ButtonName>Leaning Axis</ButtonName>
      <InputMapping>Analog0</InputMapping>
      <HideWithKeyboardForAxis>true</HideWithKeyboardForAxis>
      <AnalogType>Wheel</AnalogType>
    </JoystickButtons>
    <JoystickButtons>
      <ButtonName>Handlebar Axis</ButtonName>
      <InputMapping>Analog6</InputMapping>
      <HideWithKeyboardForAxis>true</HideWithKeyboardForAxis>
      <AnalogType>Wheel</AnalogType>
    </JoystickButtons>
    <JoystickButtons>
      <ButtonName>Leaning Axis Left</ButtonName>
      <InputMapping>Analog0</InputMapping>
      <HideWithXInput>true</HideWithXInput>
      <HideWithoutKeyboardForAxis>true</HideWithoutKeyboardForAxis>
      <AnalogType>Wheel</AnalogType>
    </JoystickButtons>
    <JoystickButtons>
      <ButtonName>Leaning Axis Right</ButtonName>
      <InputMapping>Analog0</InputMapping>
      <HideWithXInput>true</HideWithXInput>
      <HideWithoutKeyboardForAxis>true</HideWithoutKeyboardForAxis>
      <AnalogType>Wheel</AnalogType>
    </JoystickButtons>
    <JoystickButtons>
      <ButtonName>Handlebar Axis Left</ButtonName>
      <InputMapping>Analog6</InputMapping>
      <HideWithXInput>true</HideWithXInput>
      <HideWithoutKeyboardForAxis>true</HideWithoutKeyboardForAxis>
      <AnalogType>Wheel</AnalogType>
    </JoystickButtons>
    <JoystickButtons>
      <ButtonName>Handlebar Axis Right</ButtonName>
      <InputMapping>Analog6</InputMapping>
      <HideWithXInput>true</HideWithXInput>
      <HideWithoutKeyboardForAxis>true</HideWithoutKeyboardForAxis>
      <AnalogType>Wheel</AnalogType>
    </JoystickButtons>
    <JoystickButtons>
      <ButtonName>Throttle</ButtonName>
      <InputMapping>Analog2</InputMapping>
      <AnalogType>Gas</AnalogType>
    </JoystickButtons>
    <JoystickButtons>
      <ButtonName>Brake</ButtonName>
      <InputMapping>Analog4</InputMapping>
      <AnalogType>Brake</AnalogType>
    </JoystickButtons>
  </JoystickButtons>
</GameProfile>
