﻿<?xml version="1.0" encoding="utf-8"?>
<GameProfile xmlns:xsi="http://www.w3.org/2001/XMLSchema-instance" xmlns:xsd="http://www.w3.org/2001/XMLSchema">
  <GameName>Star Trek Voyager</GameName>
  <GameGenre>Shooter</GameGenre>
  <GamePath/>
  <TestMenuParameter></TestMenuParameter>
  <TestMenuIsExecutable>false</TestMenuIsExecutable>
  <ExtraParameters/>
  <TestMenuExtraParameters></TestMenuExtraParameters>
  <IconName></IconName>
  <EmulationProfile>StarTrekVoyager</EmulationProfile>
  <GameProfileRevision>10</GameProfileRevision>
  <HasSeparateTestMode>false</HasSeparateTestMode>
  <EmulatorType>Lindbergh</EmulatorType>
  <ExecutableName>trek.e4</ExecutableName>
  <msysType>2</msysType>
  <GunGame>true</GunGame>
  <InvertedMouseAxis>true</InvertedMouseAxis>
  <xAxisMin>0</xAxisMin>
  <xAxisMax>255</xAxisMax>
  <yAxisMin>0</yAxisMin>
  <yAxisMax>192</yAxisMax>
  <ConfigValues>
    <FieldInformation>
      <CategoryName>General</CategoryName>
      <FieldName>Input API</FieldName>
      <FieldValue>RawInput</FieldValue>
      <FieldType>Dropdown</FieldType>
      <FieldOptions>
        <string>DirectInput</string>
        <string>XInput</string>
        <string>RawInput</string>
      </FieldOptions>
    </FieldInformation>
    <FieldInformation>
      <CategoryName>General</CategoryName>
      <FieldName>FreePlay</FieldName>
      <FieldValue>0</FieldValue>
      <FieldType>Bool</FieldType>
    </FieldInformation>
    <FieldInformation>
      <CategoryName>General</CategoryName>
      <FieldName>Windowed</FieldName>
      <FieldValue>1</FieldValue>
      <FieldType>Bool</FieldType>
    </FieldInformation>
    <FieldInformation>
      <CategoryName>General</CategoryName>
      <FieldName>ResolutionWidth</FieldName>
      <FieldValue>640</FieldValue>
      <FieldType>Text</FieldType>
    </FieldInformation>
    <FieldInformation>
      <CategoryName>General</CategoryName>
      <FieldName>ResolutionHeight</FieldName>
      <FieldValue>480</FieldValue>
      <FieldType>Text</FieldType>
    </FieldInformation>
    <FieldInformation>
      <CategoryName>General</CategoryName>
      <FieldName>LinearFiltering</FieldName>
      <FieldValue>1</FieldValue>
      <FieldType>Bool</FieldType>
    </FieldInformation>
    <FieldInformation>
      <CategoryName>General</CategoryName>
      <FieldName>LineFix</FieldName>
      <FieldValue>0</FieldValue>
      <FieldType>Bool</FieldType>
    </FieldInformation>
    <FieldInformation>
      <CategoryName>General</CategoryName>
      <FieldName>Limit30FPS</FieldName>
      <FieldValue>1</FieldValue>
      <FieldType>Bool</FieldType>
    </FieldInformation>
  </ConfigValues>
  <JoystickButtons>
    <JoystickButtons>
      <ButtonName>Coin Chute 1</ButtonName>
      <InputMapping>Coin1</InputMapping>
    </JoystickButtons>
    <JoystickButtons>
      <ButtonName>Coin Chute 2</ButtonName>
      <InputMapping>Coin2</InputMapping>
    </JoystickButtons>
    <JoystickButtons>
      <ButtonName>Player 1 Gun Down</ButtonName>
      <InputMapping>P1ButtonLeft</InputMapping>
      <HideWithRawInput>true</HideWithRawInput>
    </JoystickButtons>
    <JoystickButtons>
      <ButtonName>Player 1 Gun Up</ButtonName>
      <InputMapping>P1ButtonRight</InputMapping>
      <HideWithRawInput>true</HideWithRawInput>
    </JoystickButtons>
    <JoystickButtons>
      <ButtonName>Player 1 Gun Left</ButtonName>
      <InputMapping>P1ButtonDown</InputMapping>
      <HideWithRawInput>true</HideWithRawInput>
    </JoystickButtons>
    <JoystickButtons>
      <ButtonName>Player 1 Gun Right</ButtonName>
      <InputMapping>P1ButtonUp</InputMapping>
      <HideWithRawInput>true</HideWithRawInput>
    </JoystickButtons>
    <JoystickButtons>
      <ButtonName>Player 1 Start/Reload</ButtonName>
      <InputMapping>P1Button2</InputMapping>
    </JoystickButtons>
    <JoystickButtons>
      <ButtonName>Player 1 Light Gun</ButtonName>
      <InputMapping>P1LightGun</InputMapping>
      <HideWithDirectInput>true</HideWithDirectInput>
      <HideWithXInput>true</HideWithXInput>
    </JoystickButtons>
    <JoystickButtons>
      <ButtonName>Player 1 Shoot</ButtonName>
      <InputMapping>P1Button1</InputMapping>
    </JoystickButtons>
    <JoystickButtons>
      <ButtonName>Player 2 Gun Down</ButtonName>
      <InputMapping>P2ButtonLeft</InputMapping>
      <HideWithRawInput>true</HideWithRawInput>
    </JoystickButtons>
    <JoystickButtons>
      <ButtonName>Player 2 Gun Up</ButtonName>
      <InputMapping>P2ButtonRight</InputMapping>
      <HideWithRawInput>true</HideWithRawInput>
    </JoystickButtons>
    <JoystickButtons>
      <ButtonName>Player 2 Gun Left</ButtonName>
      <InputMapping>P2ButtonDown</InputMapping>
      <HideWithRawInput>true</HideWithRawInput>
    </JoystickButtons>
    <JoystickButtons>
      <ButtonName>Player 2 Gun Right</ButtonName>
      <InputMapping>P2ButtonUp</InputMapping>
      <HideWithRawInput>true</HideWithRawInput>
    </JoystickButtons>
    <JoystickButtons>
      <ButtonName>Player 2 Start/Reload</ButtonName>
      <InputMapping>P2Button2</InputMapping>
    </JoystickButtons>
    <JoystickButtons>
      <ButtonName>Player 2 Light Gun</ButtonName>
      <InputMapping>P2LightGun</InputMapping>
      <HideWithDirectInput>true</HideWithDirectInput>
      <HideWithXInput>true</HideWithXInput>
    </JoystickButtons>
    <JoystickButtons>
      <ButtonName>Player 2 Shoot</ButtonName>
      <InputMapping>P2Button1</InputMapping>
    </JoystickButtons>
  </JoystickButtons>
</GameProfile>
