﻿<?xml version="1.0" encoding="utf-8"?>
<GameProfile xmlns:xsi="http://www.w3.org/2001/XMLSchema-instance" xmlns:xsd="http://www.w3.org/2001/XMLSchema">
  <GameName>Let's Go Jungle Special</GameName>
  <GameGenre>Shooter</GameGenre>
  <GamePath/>
  <TestMenuParameter>-t</TestMenuParameter>
  <TestMenuIsExecutable>false</TestMenuIsExecutable>
  <ExtraParameters/>
  <TestMenuExtraParameters/>
  <IconName>Icons\LGJS.png</IconName>
  <EmulationProfile>SegaJvsLetsGoJungle</EmulationProfile>
  <GameProfileRevision>14</GameProfileRevision>
  <HasSeparateTestMode>true</HasSeparateTestMode>
  <EmulatorType>Lindbergh</EmulatorType>
  <msysType>3</msysType>
  <InvertedMouseAxis>true</InvertedMouseAxis>
  <xAxisMin>24</xAxisMin>
  <xAxisMax>232</xAxisMax>
  <yAxisMin>24</yAxisMin>
  <yAxisMax>232</yAxisMax>
  <ConfigValues>
    <FieldInformation>
      <CategoryName>General</CategoryName>
      <FieldName>Input API</FieldName>
      <FieldValue>RawInput</FieldValue>
      <FieldType>Dropdown</FieldType>
      <FieldOptions>
        <string>DirectInput</string>
        <string>XInput</string>
        <string>RawInput</string>
      </FieldOptions>
    </FieldInformation>
    <FieldInformation>
      <CategoryName>General</CategoryName>
      <FieldName>EnableAmdFix</FieldName>
      <FieldValue>0</FieldValue>
      <FieldType>Bool</FieldType>
    </FieldInformation>
    <FieldInformation>
      <CategoryName>General</CategoryName>
      <FieldName>DongleRegion</FieldName>
      <FieldValue>JAPAN</FieldValue>
      <FieldType>Dropdown</FieldType>
      <FieldOptions>
        <string>JAPAN</string>
        <string>USA</string>
        <string>EXPORT</string>
      </FieldOptions>
    </FieldInformation>
    <FieldInformation>
      <CategoryName>General</CategoryName>
      <FieldName>PcbRegion</FieldName>
      <FieldValue>JAPAN</FieldValue>
      <FieldType>Dropdown</FieldType>
      <FieldOptions>
        <string>JAPAN</string>
        <string>USA</string>
        <string>EXPORT</string>
      </FieldOptions>
    </FieldInformation>
    <FieldInformation>
      <CategoryName>General</CategoryName>
      <FieldName>OriginalDualScreen</FieldName>
      <FieldValue>0</FieldValue>
      <FieldType>Bool</FieldType>
    </FieldInformation>
    <FieldInformation>
      <CategoryName>General</CategoryName>
      <FieldName>Windowed</FieldName>
      <FieldValue>1</FieldValue>
      <FieldType>Bool</FieldType>
    </FieldInformation>
    <FieldInformation>
      <CategoryName>General</CategoryName>
      <FieldName>HideCursor</FieldName>
      <FieldValue>0</FieldValue>
      <FieldType>Bool</FieldType>
    </FieldInformation>
    <FieldInformation>
      <CategoryName>General</CategoryName>
      <FieldName>Use Relative Input</FieldName>
      <FieldValue>0</FieldValue>
      <FieldType>Bool</FieldType>
    </FieldInformation>
    <FieldInformation>
      <CategoryName>General</CategoryName>
      <FieldName>Player 1 Relative Sensitivity</FieldName>
      <FieldValue>Medium High</FieldValue>
      <FieldType>Dropdown</FieldType>
      <FieldOptions>
        <string>Low</string>
        <string>Medium Low</string>
        <string>Medium</string>
        <string>Medium High</string>
        <string>High</string>
        <string>Very High</string>
        <string>Ultra High</string>
      </FieldOptions>
    </FieldInformation>
    <FieldInformation>
      <CategoryName>General</CategoryName>
      <FieldName>Player 2 Relative Sensitivity</FieldName>
      <FieldValue>Medium High</FieldValue>
      <FieldType>Dropdown</FieldType>
      <FieldOptions>
        <string>Low</string>
        <string>Medium Low</string>
        <string>Medium</string>
        <string>Medium High</string>
        <string>High</string>
        <string>Very High</string>
        <string>Ultra High</string>
      </FieldOptions>
    </FieldInformation>
  </ConfigValues>
  <JoystickButtons>
    <JoystickButtons>
      <ButtonName>Test</ButtonName>
      <InputMapping>Test</InputMapping>
    </JoystickButtons>
    <JoystickButtons>
      <ButtonName>Service 1</ButtonName>
      <InputMapping>Service1</InputMapping>
    </JoystickButtons>
    <JoystickButtons>
      <ButtonName>Service 2</ButtonName>
      <InputMapping>Service2</InputMapping>
    </JoystickButtons>
    <JoystickButtons>
      <ButtonName>Coin 1</ButtonName>
      <InputMapping>Coin1</InputMapping>
    </JoystickButtons>
    <JoystickButtons>
      <ButtonName>Coin 2</ButtonName>
      <InputMapping>Coin2</InputMapping>
    </JoystickButtons>
    <JoystickButtons>
      <ButtonName>Player 1 Start</ButtonName>
      <InputMapping>P1ButtonStart</InputMapping>
    </JoystickButtons>
    <JoystickButtons>
      <ButtonName>Player 1 Light Gun</ButtonName>
      <InputMapping>P1LightGun</InputMapping>
      <HideWithDirectInput>true</HideWithDirectInput>
      <HideWithXInput>true</HideWithXInput>
    </JoystickButtons>
    <JoystickButtons>
      <ButtonName>Player 1 Gun X</ButtonName>
      <InputMapping>Analog2</InputMapping>
      <AnalogType>AnalogJoystickReverse</AnalogType>
      <HideWithRawInput>true</HideWithRawInput>
      <HideWithRelativeAxis>true</HideWithRelativeAxis>
    </JoystickButtons>
    <JoystickButtons>
      <ButtonName>Player 1 Gun Y</ButtonName>
      <InputMapping>Analog0</InputMapping>
      <AnalogType>AnalogJoystick</AnalogType>
      <HideWithRawInput>true</HideWithRawInput>
      <HideWithRelativeAxis>true</HideWithRelativeAxis>
    </JoystickButtons>
    <JoystickButtons>
      <ButtonName>Player 1 Gun Y Up</ButtonName>
      <InputMapping>P1ButtonUp</InputMapping>
      <HideWithoutRelativeAxis>true</HideWithoutRelativeAxis>
      <HideWithRawInput>true</HideWithRawInput>
    </JoystickButtons>
    <JoystickButtons>
      <ButtonName>Player 1 Gun Y Down</ButtonName>
      <InputMapping>P1ButtonDown</InputMapping>
      <HideWithoutRelativeAxis>true</HideWithoutRelativeAxis>
      <HideWithRawInput>true</HideWithRawInput>
    </JoystickButtons>
    <JoystickButtons>
      <ButtonName>Player 1 Gun X Left</ButtonName>
      <InputMapping>P1ButtonLeft</InputMapping>
      <HideWithoutRelativeAxis>true</HideWithoutRelativeAxis>
      <HideWithRawInput>true</HideWithRawInput>
    </JoystickButtons>
    <JoystickButtons>
      <ButtonName>Player 1 Gun X Right</ButtonName>
      <InputMapping>P1ButtonRight</InputMapping>
      <HideWithoutRelativeAxis>true</HideWithoutRelativeAxis>
      <HideWithRawInput>true</HideWithRawInput>
    </JoystickButtons>
    <JoystickButtons>
      <ButtonName>Player 1 Gun Trigger</ButtonName>
      <InputMapping>P1Button1</InputMapping>
    </JoystickButtons>
    <JoystickButtons>
      <ButtonName>Player 1 Special</ButtonName>
      <InputMapping>P1Button2</InputMapping>
    </JoystickButtons>
	<JoystickButtons>
      <ButtonName>Player 1 Gun Button</ButtonName>
      <InputMapping>P1Button3</InputMapping>
    </JoystickButtons>
	<JoystickButtons>
      <ButtonName>Player 1 Action Button</ButtonName>
      <InputMapping>P1Button4</InputMapping>
    </JoystickButtons>
    <JoystickButtons>
      <ButtonName>Player 2 Start</ButtonName>
      <InputMapping>P2ButtonStart</InputMapping>
    </JoystickButtons>
    <JoystickButtons>
      <ButtonName>Player 2 Light Gun</ButtonName>
      <InputMapping>P2LightGun</InputMapping>
      <HideWithDirectInput>true</HideWithDirectInput>
      <HideWithXInput>true</HideWithXInput>
    </JoystickButtons>
    <JoystickButtons>
      <ButtonName>Player 2 Gun X</ButtonName>
      <InputMapping>Analog6</InputMapping>
      <AnalogType>AnalogJoystickReverse</AnalogType>
      <HideWithRawInput>true</HideWithRawInput>
      <HideWithRelativeAxis>true</HideWithRelativeAxis>
    </JoystickButtons>
    <JoystickButtons>
      <ButtonName>Player 2 Gun Y</ButtonName>
      <InputMapping>Analog4</InputMapping>
      <AnalogType>AnalogJoystick</AnalogType>
      <HideWithRawInput>true</HideWithRawInput>
      <HideWithRelativeAxis>true</HideWithRelativeAxis>
    </JoystickButtons>
        <JoystickButtons>
      <ButtonName>Player 2 Gun Y Up</ButtonName>
      <InputMapping>P2ButtonUp</InputMapping>
      <HideWithoutRelativeAxis>true</HideWithoutRelativeAxis>
      <HideWithRawInput>true</HideWithRawInput>
    </JoystickButtons>
    <JoystickButtons>
      <ButtonName>Player 2 Gun Y Down</ButtonName>
      <InputMapping>P2ButtonDown</InputMapping>
      <HideWithoutRelativeAxis>true</HideWithoutRelativeAxis>
      <HideWithRawInput>true</HideWithRawInput>
    </JoystickButtons>
    <JoystickButtons>
      <ButtonName>Player 2 Gun X Left</ButtonName>
      <InputMapping>P2ButtonLeft</InputMapping>
      <HideWithoutRelativeAxis>true</HideWithoutRelativeAxis>
      <HideWithRawInput>true</HideWithRawInput>
    </JoystickButtons>
    <JoystickButtons>
      <ButtonName>Player 2 Gun X Right</ButtonName>
      <InputMapping>P2ButtonRight</InputMapping>
      <HideWithoutRelativeAxis>true</HideWithoutRelativeAxis>
      <HideWithRawInput>true</HideWithRawInput>
    </JoystickButtons>
    <JoystickButtons>
      <ButtonName>Player 2 Gun Trigger</ButtonName>
      <InputMapping>P2Button1</InputMapping>
    </JoystickButtons>
    <JoystickButtons>
      <ButtonName>Player 2 Special</ButtonName>
      <InputMapping>P2Button2</InputMapping>
    </JoystickButtons>
	<JoystickButtons>
      <ButtonName>Player 2 Gun Button</ButtonName>
      <InputMapping>P2Button3</InputMapping>
    </JoystickButtons>
	<JoystickButtons>
      <ButtonName>Player 2 Action Button</ButtonName>
      <InputMapping>P2Button4</InputMapping>
    </JoystickButtons>
  </JoystickButtons>
</GameProfile>
