﻿<?xml version="1.0" encoding="utf-8"?>
<GameProfile xmlns:xsi="http://www.w3.org/2001/XMLSchema-instance" xmlns:xsd="http://www.w3.org/2001/XMLSchema">
  <GameName>Virtua Tennis 4</GameName>
  <GameGenre>Sports</GameGenre>
  <GamePath/>
  <TestMenuParameter>-t</TestMenuParameter>
  <TestMenuIsExecutable>false</TestMenuIsExecutable>
  <ExtraParameters/>
  <TestMenuExtraParameters/>
  <IconName>Icons\VT4.png</IconName>
  <EmulationProfile>VirtuaTennis4</EmulationProfile>
  <GameProfileRevision>9</GameProfileRevision>
  <HasSeparateTestMode>true</HasSeparateTestMode>
  <EmulatorType>TeknoParrot</EmulatorType>
  <ConfigValues>
    <FieldInformation>
      <CategoryName>General</CategoryName>
      <FieldName>Input API</FieldName>
      <FieldValue>DirectInput</FieldValue>
      <FieldType>Dropdown</FieldType>
      <FieldOptions>
        <string>DirectInput</string>
        <string>XInput</string>
      </FieldOptions>
    </FieldInformation>
    <FieldInformation>
      <CategoryName>General</CategoryName>
      <FieldName>DongleRegion</FieldName>
      <FieldValue>JAPAN</FieldValue>
      <FieldType>Dropdown</FieldType>
      <FieldOptions>
        <string>JAPAN</string>
        <string>USA</string>
        <string>JAP2N</string>
        <string>EXPORT</string>
        <string>CHINA</string>
      </FieldOptions>
    </FieldInformation>
    <FieldInformation>
      <CategoryName>General</CategoryName>
      <FieldName>PcbRegion</FieldName>
      <FieldValue>JAPAN</FieldValue>
      <FieldType>Dropdown</FieldType>
      <FieldOptions>
        <string>JAPAN</string>
        <string>USA</string>
        <string>JAP2N</string>
        <string>EXPORT</string>
        <string>CHINA</string>
      </FieldOptions>
    </FieldInformation>
    <FieldInformation>
      <CategoryName>General</CategoryName>
      <FieldName>FreePlay</FieldName>
      <FieldValue>1</FieldValue>
      <FieldType>Bool</FieldType>
    </FieldInformation>
    <FieldInformation>
      <CategoryName>General</CategoryName>
      <FieldName>Windowed</FieldName>
      <FieldValue>1</FieldValue>
      <FieldType>Bool</FieldType>
    </FieldInformation>
    <FieldInformation>
      <CategoryName>General</CategoryName>
      <FieldName>Enable Outputs</FieldName>
      <FieldValue>0</FieldValue>
      <FieldType>Bool</FieldType>
    </FieldInformation>
  </ConfigValues>
  <JoystickButtons>
    <JoystickButtons>
      <ButtonName>Test</ButtonName>
      <InputMapping>Test</InputMapping>
    </JoystickButtons>
    <JoystickButtons>
      <ButtonName>Service 1</ButtonName>
      <InputMapping>JvsTwoService1</InputMapping>
    </JoystickButtons>
    <JoystickButtons>
      <ButtonName>Service 2</ButtonName>
      <InputMapping>Service1</InputMapping>
    </JoystickButtons>
    <JoystickButtons>
      <ButtonName>Coin 1</ButtonName>
      <InputMapping>Coin1</InputMapping>
    </JoystickButtons>
    <JoystickButtons>
      <ButtonName>Coin 2</ButtonName>
      <InputMapping>Coin2</InputMapping>
    </JoystickButtons>
    <JoystickButtons>
      <ButtonName>Player 1 Start</ButtonName>
      <InputMapping>JvsTwoP1ButtonStart</InputMapping>
    </JoystickButtons>
    <JoystickButtons>
      <ButtonName>Player 1 Up</ButtonName>
      <InputMapping>JvsTwoP1ButtonUp</InputMapping>
    </JoystickButtons>
    <JoystickButtons>
      <ButtonName>Player 1 Down</ButtonName>
      <InputMapping>JvsTwoP1ButtonDown</InputMapping>
    </JoystickButtons>
    <JoystickButtons>
      <ButtonName>Player 1 Left</ButtonName>
      <InputMapping>JvsTwoP1ButtonLeft</InputMapping>
    </JoystickButtons>
    <JoystickButtons>
      <ButtonName>Player 1 Right</ButtonName>
      <InputMapping>JvsTwoP1ButtonRight</InputMapping>
    </JoystickButtons>
    <JoystickButtons>
      <ButtonName>Player 1 Button 1</ButtonName>
      <InputMapping>JvsTwoP1Button1</InputMapping>
    </JoystickButtons>
    <JoystickButtons>
      <ButtonName>Player 1 Button 2</ButtonName>
      <InputMapping>JvsTwoP1Button2</InputMapping>
    </JoystickButtons>
    <JoystickButtons>
      <ButtonName>Player 1 Button 3</ButtonName>
      <InputMapping>JvsTwoP1Button3</InputMapping>
    </JoystickButtons>
    <JoystickButtons>
      <ButtonName>Player 2 Start</ButtonName>
      <InputMapping>JvsTwoP2ButtonStart</InputMapping>
    </JoystickButtons>
    <JoystickButtons>
      <ButtonName>Player 2 Up</ButtonName>
      <InputMapping>JvsTwoP2ButtonUp</InputMapping>
    </JoystickButtons>
    <JoystickButtons>
      <ButtonName>Player 2 Down</ButtonName>
      <InputMapping>JvsTwoP2ButtonDown</InputMapping>
    </JoystickButtons>
    <JoystickButtons>
      <ButtonName>Player 2 Left</ButtonName>
      <InputMapping>JvsTwoP2ButtonLeft</InputMapping>
    </JoystickButtons>
    <JoystickButtons>
      <ButtonName>Player 2 Right</ButtonName>
      <InputMapping>JvsTwoP2ButtonRight</InputMapping>
    </JoystickButtons>
    <JoystickButtons>
      <ButtonName>Player 2 Button 1</ButtonName>
      <InputMapping>JvsTwoP2Button1</InputMapping>
    </JoystickButtons>
    <JoystickButtons>
      <ButtonName>Player 2 Button 2</ButtonName>
      <InputMapping>JvsTwoP2Button2</InputMapping>
    </JoystickButtons>
    <JoystickButtons>
      <ButtonName>Player 2 Button 3</ButtonName>
      <InputMapping>JvsTwoP2Button3</InputMapping>
    </JoystickButtons>

    <JoystickButtons>
      <ButtonName>Player 3 Start</ButtonName>
      <InputMapping>P1ButtonStart</InputMapping>
    </JoystickButtons>
    <JoystickButtons>
      <ButtonName>Player 3 Up</ButtonName>
      <InputMapping>P1ButtonUp</InputMapping>
    </JoystickButtons>
    <JoystickButtons>
      <ButtonName>Player 3 Down</ButtonName>
      <InputMapping>P1ButtonDown</InputMapping>
    </JoystickButtons>
    <JoystickButtons>
      <ButtonName>Player 3 Left</ButtonName>
      <InputMapping>P1ButtonLeft</InputMapping>
    </JoystickButtons>
    <JoystickButtons>
      <ButtonName>Player 3 Right</ButtonName>
      <InputMapping>P1ButtonRight</InputMapping>
    </JoystickButtons>
    <JoystickButtons>
      <ButtonName>Player 3 Button 1</ButtonName>
      <InputMapping>P1Button1</InputMapping>
    </JoystickButtons>
    <JoystickButtons>
      <ButtonName>Player 3 Button 2</ButtonName>
      <InputMapping>P1Button2</InputMapping>
    </JoystickButtons>
    <JoystickButtons>
      <ButtonName>Player 3 Button 3</ButtonName>
      <InputMapping>P1Button3</InputMapping>
    </JoystickButtons>
    <JoystickButtons>
      <ButtonName>Player 4 Start</ButtonName>
      <InputMapping>P2ButtonStart</InputMapping>
    </JoystickButtons>
    <JoystickButtons>
      <ButtonName>Player 4 Up</ButtonName>
      <InputMapping>P2ButtonUp</InputMapping>
    </JoystickButtons>
    <JoystickButtons>
      <ButtonName>Player 4 Down</ButtonName>
      <InputMapping>P2ButtonDown</InputMapping>
    </JoystickButtons>
    <JoystickButtons>
      <ButtonName>Player 4 Left</ButtonName>
      <InputMapping>P2ButtonLeft</InputMapping>
    </JoystickButtons>
    <JoystickButtons>
      <ButtonName>Player 4 Right</ButtonName>
      <InputMapping>P2ButtonRight</InputMapping>
    </JoystickButtons>
    <JoystickButtons>
      <ButtonName>Player 4 Button 1</ButtonName>
      <InputMapping>P2Button1</InputMapping>
    </JoystickButtons>
    <JoystickButtons>
      <ButtonName>Player 4 Button 2</ButtonName>
      <InputMapping>P2Button2</InputMapping>
    </JoystickButtons>
    <JoystickButtons>
      <ButtonName>Player 4 Button 3</ButtonName>
      <InputMapping>P2Button3</InputMapping>
    </JoystickButtons>

  </JoystickButtons>
</GameProfile>
