﻿<?xml version="1.0" encoding="utf-8"?>
<GameProfile xmlns:xsi="http://www.w3.org/2001/XMLSchema-instance" xmlns:xsd="http://www.w3.org/2001/XMLSchema">
  <GameName>Wacky Races</GameName>
  <GameGenre>Racing</GameGenre>
  <GamePath/>
  <TestMenuParameter></TestMenuParameter>
  <TestMenuIsExecutable>false</TestMenuIsExecutable>
  <ExtraParameters/>
  <TestMenuExtraParameters/>
  <IconName>Icons\WackyRaces.png</IconName>
  <EmulationProfile>WackyRaces</EmulationProfile>
  <GameProfileRevision>13</GameProfileRevision>
  <HasSeparateTestMode>false</HasSeparateTestMode>
  <EmulatorType>OpenParrot</EmulatorType>
  <ConfigValues>
    <FieldInformation>
      <CategoryName>General</CategoryName>
      <FieldName>Input API</FieldName>
      <FieldValue>DirectInput</FieldValue>
      <FieldType>Dropdown</FieldType>
      <FieldOptions>
        <string>DirectInput</string>
        <string>XInput</string>
      </FieldOptions>
    </FieldInformation>
    <FieldInformation>
      <CategoryName>General</CategoryName>
      <FieldName>Windowed</FieldName>
      <FieldValue>1</FieldValue>
      <FieldType>Bool</FieldType>
    </FieldInformation>
    <FieldInformation>
      <CategoryName>General</CategoryName>
      <FieldName>Enable Outputs</FieldName>
      <FieldValue>0</FieldValue>
      <FieldType>Bool</FieldType>
    </FieldInformation>
    <FieldInformation>
      <CategoryName>General</CategoryName>
      <FieldName>Use Keyboard/Button For Axis</FieldName>
      <FieldValue>0</FieldValue>
      <FieldType>Bool</FieldType>
    </FieldInformation>
    <FieldInformation>
      <CategoryName>General</CategoryName>
      <FieldName>Keyboard/Button Axis Wheel Sensitivity</FieldName>
      <FieldValue>Medium</FieldValue>
      <FieldType>Dropdown</FieldType>
      <FieldOptions>
        <string>Low</string>
        <string>Medium Low</string>
        <string>Medium</string>
        <string>Medium High</string>
        <string>High</string>
        <string>Instant</string>
      </FieldOptions>
    </FieldInformation>
    <FieldInformation>
      <CategoryName>General</CategoryName>
      <FieldName>Keyboard/Button Axis Pedal Sensitivity</FieldName>
      <FieldValue>Medium</FieldValue>
      <FieldType>Dropdown</FieldType>
      <FieldOptions>
        <string>Low</string>
        <string>Medium Low</string>
        <string>Medium</string>
        <string>Medium High</string>
        <string>High</string>
        <string>Instant</string>
      </FieldOptions>
    </FieldInformation>
  </ConfigValues>
  <JoystickButtons>
    <JoystickButtons>
      <ButtonName>Test</ButtonName>
      <InputMapping>Test</InputMapping>
    </JoystickButtons>
    <JoystickButtons>
      <ButtonName>Service</ButtonName>
      <InputMapping>Service1</InputMapping>
    </JoystickButtons>
    <JoystickButtons>
      <ButtonName>Coin</ButtonName>
      <InputMapping>Coin1</InputMapping>
    </JoystickButtons>
    <JoystickButtons>
      <ButtonName>Start</ButtonName>
      <InputMapping>ExtensionOne3</InputMapping>
    </JoystickButtons>
    <JoystickButtons>
      <ButtonName>Wheel Axis</ButtonName>
      <InputMapping>Analog4</InputMapping>
      <HideWithKeyboardForAxis>true</HideWithKeyboardForAxis>
      <AnalogType>Wheel</AnalogType>
    </JoystickButtons>
    <JoystickButtons>
      <ButtonName>Wheel Axis Left</ButtonName>
      <InputMapping>Analog4</InputMapping>
      <HideWithXInput>true</HideWithXInput>
      <HideWithoutKeyboardForAxis>true</HideWithoutKeyboardForAxis>
      <AnalogType>Wheel</AnalogType>
    </JoystickButtons>
    <JoystickButtons>
      <ButtonName>Wheel Axis Right</ButtonName>
      <InputMapping>Analog4</InputMapping>
      <HideWithXInput>true</HideWithXInput>
      <HideWithoutKeyboardForAxis>true</HideWithoutKeyboardForAxis>
      <AnalogType>Wheel</AnalogType>
    </JoystickButtons>
    <JoystickButtons>
      <ButtonName>Gas</ButtonName>
      <InputMapping>Analog6</InputMapping>
      <AnalogType>Gas</AnalogType>
    </JoystickButtons>
    <JoystickButtons>
      <ButtonName>Brake</ButtonName>
      <InputMapping>Analog8</InputMapping>
      <AnalogType>Brake</AnalogType>
    </JoystickButtons>
    <JoystickButtons>
      <ButtonName>View Change</ButtonName>
      <InputMapping>ExtensionOne4</InputMapping>
    </JoystickButtons>
    <JoystickButtons>
      <ButtonName>Lever</ButtonName>
      <InputMapping>P1ButtonDown</InputMapping>
    </JoystickButtons>
  </JoystickButtons>
</GameProfile>
