﻿<?xml version="1.0" encoding="utf-8"?>
<GameProfile xmlns:xsi="http://www.w3.org/2001/XMLSchema-instance" xmlns:xsd="http://www.w3.org/2001/XMLSchema">
  <GameName>Shining Force: Cross Exlesia</GameName>
  <GameGenre>Action</GameGenre>
  <GamePath/>
  <TestMenuParameter>-t</TestMenuParameter>
  <TestMenuIsExecutable>false</TestMenuIsExecutable>
  <ExtraParameters/>
  <TestMenuExtraParameters/>
  <IconName>Icons\ShiningForceCrossExlesia.png</IconName>
  <EmulationProfile>ShiningForceCrossRaid</EmulationProfile>
  <GameProfileRevision>9</GameProfileRevision>
  <HasSeparateTestMode>true</HasSeparateTestMode>
  <EmulatorType>TeknoParrot</EmulatorType>
  <Patreon>true</Patreon>
  <ConfigValues>
    <FieldInformation>
      <CategoryName>General</CategoryName>
      <FieldName>Input API</FieldName>
      <FieldValue>DirectInput</FieldValue>
      <FieldType>Dropdown</FieldType>
      <FieldOptions>
        <string>DirectInput</string>
        <string>XInput</string>
      </FieldOptions>
    </FieldInformation>
    <FieldInformation>
      <CategoryName>General</CategoryName>
      <FieldName>DongleRegion</FieldName>
      <FieldValue>JAPAN</FieldValue>
      <FieldType>Dropdown</FieldType>
      <FieldOptions>
        <string>JAPAN</string>
        <string>USA</string>
        <string>JAP2N</string>
        <string>EXPORT</string>
        <string>CHINA</string>
      </FieldOptions>
    </FieldInformation>
    <FieldInformation>
      <CategoryName>General</CategoryName>
      <FieldName>PcbRegion</FieldName>
      <FieldValue>JAPAN</FieldValue>
      <FieldType>Dropdown</FieldType>
      <FieldOptions>
        <string>JAPAN</string>
        <string>USA</string>
        <string>JAP2N</string>
        <string>EXPORT</string>
        <string>CHINA</string>
      </FieldOptions>
    </FieldInformation>
    <FieldInformation>
      <CategoryName>General</CategoryName>
      <FieldName>FreePlay</FieldName>
      <FieldValue>1</FieldValue>
      <FieldType>Bool</FieldType>
    </FieldInformation>
    <FieldInformation>
      <CategoryName>General</CategoryName>
      <FieldName>Windowed</FieldName>
      <FieldValue>1</FieldValue>
      <FieldType>Bool</FieldType>
    </FieldInformation>
    <FieldInformation>
      <CategoryName>General</CategoryName>
      <FieldName>AMDCrashFix</FieldName>
      <FieldValue>0</FieldValue>
      <FieldType>Bool</FieldType>
    </FieldInformation>
  </ConfigValues>
  <JoystickButtons>
    <JoystickButtons>
      <ButtonName>Test</ButtonName>
      <InputMapping>Test</InputMapping>
    </JoystickButtons>
    <JoystickButtons>
      <ButtonName>Service</ButtonName>
      <InputMapping>Service1</InputMapping>
    </JoystickButtons>
    <JoystickButtons>
      <ButtonName>Coin</ButtonName>
      <InputMapping>Coin1</InputMapping>
    </JoystickButtons>
    <JoystickButtons>
      <ButtonName>Start</ButtonName>
      <InputMapping>P1ButtonStart</InputMapping>
    </JoystickButtons>
    <JoystickButtons>
      <ButtonName>Joystick Analog X</ButtonName>
      <InputMapping>Analog0</InputMapping>
      <AnalogType>AnalogJoystick</AnalogType>
    </JoystickButtons>
    <JoystickButtons>
      <ButtonName>Joystick Analog Y</ButtonName>
      <InputMapping>Analog2</InputMapping>
      <AnalogType>AnalogJoystickReverse</AnalogType>
    </JoystickButtons>
    <JoystickButtons>
      <ButtonName>Up (Digital)</ButtonName>
      <InputMapping>Analog0Special2</InputMapping>
      <AnalogType>Maximum</AnalogType>
    </JoystickButtons>
    <JoystickButtons>
      <ButtonName>Down (Digital)</ButtonName>
      <InputMapping>Analog0Special1</InputMapping>
      <AnalogType>Minimum</AnalogType>
    </JoystickButtons>
    <JoystickButtons>
      <ButtonName>Left (Digital)</ButtonName>
      <InputMapping>Analog2Special1</InputMapping>
      <AnalogType>Minimum</AnalogType>
    </JoystickButtons>
    <JoystickButtons>
      <ButtonName>Right (Digital)</ButtonName>
      <InputMapping>Analog2Special2</InputMapping>
      <AnalogType>Maximum</AnalogType>
    </JoystickButtons>
    <JoystickButtons>
      <ButtonName>Jump</ButtonName>
      <InputMapping>P1Button1</InputMapping>
    </JoystickButtons>
    <JoystickButtons>
      <ButtonName>Attack</ButtonName>
      <InputMapping>P1Button2</InputMapping>
    </JoystickButtons>
    <JoystickButtons>
      <ButtonName>Force</ButtonName>
      <InputMapping>P1Button3</InputMapping>
    </JoystickButtons>
    <JoystickButtons>
      <ButtonName>View</ButtonName>
      <InputMapping>P1Button4</InputMapping>
    </JoystickButtons>
    <JoystickButtons>
      <ButtonName>Use</ButtonName>
      <InputMapping>P1Button5</InputMapping>
    </JoystickButtons>
  </JoystickButtons>
</GameProfile>
