﻿<?xml version="1.0" encoding="utf-8"?>
<GameProfile xmlns:xsi="http://www.w3.org/2001/XMLSchema-instance" xmlns:xsd="http://www.w3.org/2001/XMLSchema">
  <GameName>Counter-Strike Neo</GameName>
  <GameGenre>Action</GameGenre>
  <GamePath/>
  <TestMenuParameter>-t</TestMenuParameter>
  <TestMenuIsExecutable>false</TestMenuIsExecutable>
  <ExtraParameters/>
  <TestMenuExtraParameters/>
  <IconName>Icons\CSNEO.png</IconName>
  <EmulationProfile>CSNEO</EmulationProfile>
  <GameProfileRevision>7</GameProfileRevision>
  <HasSeparateTestMode>false</HasSeparateTestMode>
  <ExecutableName>hlds_amd</ExecutableName>
  <EmulatorType>N2</EmulatorType>
  <msysType>3</msysType>
  <ConfigValues>
    <FieldInformation>
      <CategoryName>General</CategoryName>
      <FieldName>Windowed</FieldName>
      <FieldValue>1</FieldValue>
      <FieldType>Bool</FieldType>
    </FieldInformation>
  </ConfigValues>
  <JoystickButtons>
  </JoystickButtons>
</GameProfile>
