﻿<?xml version="1.0" encoding="utf-8"?>
<GameProfile xmlns:xsi="http://www.w3.org/2001/XMLSchema-instance" xmlns:xsd="http://www.w3.org/2001/XMLSchema">
  <GameName>Luigi's Mansion Arcade</GameName>
  <GameGenre>Shooter</GameGenre>
  <GamePath/>
  <TestMenuParameter></TestMenuParameter>
  <TestMenuIsExecutable>false</TestMenuIsExecutable>
  <ExtraParameters/>
  <TestMenuExtraParameters/>
  <IconName>Icons\LuigisMansion.png</IconName>
  <EmulationProfile>LuigisMansion</EmulationProfile>
  <GameProfileRevision>10</GameProfileRevision>
  <HasSeparateTestMode>false</HasSeparateTestMode>
  <EmulatorType>TeknoParrot</EmulatorType>
  <Is64Bit>true</Is64Bit>
  <xAxisMin>3</xAxisMin>
  <xAxisMax>252</xAxisMax>
  <yAxisMin>6</yAxisMin>
  <yAxisMax>250</yAxisMax>
  <ConfigValues>
    <FieldInformation>
      <CategoryName>General</CategoryName>
      <FieldName>Input API</FieldName>
      <FieldValue>RawInput</FieldValue>
      <FieldType>Dropdown</FieldType>
      <FieldOptions>
        <string>DirectInput</string>
        <string>XInput</string>
        <string>RawInput</string>
      </FieldOptions>
    </FieldInformation>
    <FieldInformation>
      <CategoryName>General</CategoryName>
      <FieldName>Windowed</FieldName>
      <FieldValue>1</FieldValue>
      <FieldType>Bool</FieldType>
    </FieldInformation>
    <FieldInformation>
      <CategoryName>General</CategoryName>
      <FieldName>Use Relative Input</FieldName>
      <FieldValue>0</FieldValue>
      <FieldType>Bool</FieldType>
    </FieldInformation>
    <FieldInformation>
      <CategoryName>General</CategoryName>
      <FieldName>Player 1 Relative Sensitivity</FieldName>
      <FieldValue>Medium High</FieldValue>
      <FieldType>Dropdown</FieldType>
      <FieldOptions>
        <string>Low</string>
        <string>Medium Low</string>
        <string>Medium</string>
        <string>Medium High</string>
        <string>High</string>
        <string>Very High</string>
        <string>Ultra High</string>
      </FieldOptions>
    </FieldInformation>
    <FieldInformation>
      <CategoryName>General</CategoryName>
      <FieldName>Player 2 Relative Sensitivity</FieldName>
      <FieldValue>Medium High</FieldValue>
      <FieldType>Dropdown</FieldType>
      <FieldOptions>
        <string>Low</string>
        <string>Medium Low</string>
        <string>Medium</string>
        <string>Medium High</string>
        <string>High</string>
        <string>Very High</string>
        <string>Ultra High</string>
      </FieldOptions>
    </FieldInformation>
  </ConfigValues>
  <JoystickButtons>
    <JoystickButtons>
      <ButtonName>Test</ButtonName>
      <InputMapping>Test</InputMapping>
    </JoystickButtons>
    <JoystickButtons>
      <ButtonName>Service</ButtonName>
      <InputMapping>Service1</InputMapping>
    </JoystickButtons>
    <JoystickButtons>
      <ButtonName>Coin 1</ButtonName>
      <InputMapping>Coin1</InputMapping>
    </JoystickButtons>
    <JoystickButtons>
      <ButtonName>Coin 2</ButtonName>
      <InputMapping>Coin2</InputMapping>
    </JoystickButtons>
    <JoystickButtons>
      <ButtonName>Select Switch</ButtonName>
      <InputMapping>P1Button4</InputMapping>
    </JoystickButtons>
    <JoystickButtons>
      <ButtonName>Player 1 Start</ButtonName>
      <InputMapping>P1ButtonStart</InputMapping>
    </JoystickButtons>
    <JoystickButtons>
      <ButtonName>Player 1 Light Gun</ButtonName>
      <InputMapping>P1LightGun</InputMapping>
      <HideWithDirectInput>true</HideWithDirectInput>
      <HideWithXInput>true</HideWithXInput>
    </JoystickButtons>
    <JoystickButtons>
      <ButtonName>Player 1 Vacuum X</ButtonName>
      <InputMapping>Analog2</InputMapping>
      <AnalogType>AnalogJoystick</AnalogType>
      <HideWithRawInput>true</HideWithRawInput>
      <HideWithRelativeAxis>true</HideWithRelativeAxis>
    </JoystickButtons>
    <JoystickButtons>
      <ButtonName>Player 1 Vacuum Y</ButtonName>
      <InputMapping>Analog0</InputMapping>
      <AnalogType>AnalogJoystickReverse</AnalogType>
      <HideWithRawInput>true</HideWithRawInput>
      <HideWithRelativeAxis>true</HideWithRelativeAxis>
    </JoystickButtons>
    <JoystickButtons>
      <ButtonName>Player 1 Vacuum Y Up</ButtonName>
      <InputMapping>P1ButtonUp</InputMapping>
      <HideWithoutRelativeAxis>true</HideWithoutRelativeAxis>
      <HideWithRawInput>true</HideWithRawInput>
    </JoystickButtons>
    <JoystickButtons>
      <ButtonName>Player 1 Vacuum Y Down</ButtonName>
      <InputMapping>P1ButtonDown</InputMapping>
      <HideWithoutRelativeAxis>true</HideWithoutRelativeAxis>
      <HideWithRawInput>true</HideWithRawInput>
    </JoystickButtons>
    <JoystickButtons>
      <ButtonName>Player 1 Vacuum X Left</ButtonName>
      <InputMapping>P1ButtonLeft</InputMapping>
      <HideWithoutRelativeAxis>true</HideWithoutRelativeAxis>
      <HideWithRawInput>true</HideWithRawInput>
    </JoystickButtons>
    <JoystickButtons>
      <ButtonName>Player 1 Vacuum X Right</ButtonName>
      <InputMapping>P1ButtonRight</InputMapping>
      <HideWithoutRelativeAxis>true</HideWithoutRelativeAxis>
      <HideWithRawInput>true</HideWithRawInput>
    </JoystickButtons>
    <JoystickButtons>
      <ButtonName>Player 1 Vacuum Button</ButtonName>
      <InputMapping>P1Button1</InputMapping>
    </JoystickButtons>
    <JoystickButtons>
      <ButtonName>Player 1 Vacuum Lever</ButtonName>
      <InputMapping>P1Button2</InputMapping>
    </JoystickButtons>
    <JoystickButtons>
      <ButtonName>Player 1 Vacuum Screen Out</ButtonName>
      <InputMapping>P1Button3</InputMapping>
    </JoystickButtons>
    <JoystickButtons>
      <ButtonName>Player 2 Start</ButtonName>
      <InputMapping>P2ButtonStart</InputMapping>
    </JoystickButtons>
    <JoystickButtons>
      <ButtonName>Player 2 Light Gun</ButtonName>
      <InputMapping>P2LightGun</InputMapping>
      <HideWithDirectInput>true</HideWithDirectInput>
      <HideWithXInput>true</HideWithXInput>
    </JoystickButtons>
    <JoystickButtons>
      <ButtonName>Player 2 Vacuum X</ButtonName>
      <InputMapping>Analog6</InputMapping>
      <AnalogType>AnalogJoystick</AnalogType>
      <HideWithRawInput>true</HideWithRawInput>
      <HideWithRelativeAxis>true</HideWithRelativeAxis>
    </JoystickButtons>
    <JoystickButtons>
      <ButtonName>Player 2 Vacuum Y</ButtonName>
      <InputMapping>Analog4</InputMapping>
      <AnalogType>AnalogJoystickReverse</AnalogType>
      <HideWithRawInput>true</HideWithRawInput>
      <HideWithRelativeAxis>true</HideWithRelativeAxis>
    </JoystickButtons>
    <JoystickButtons>
      <ButtonName>Player 2 Vacuum Y Up</ButtonName>
      <InputMapping>P2ButtonUp</InputMapping>
      <HideWithoutRelativeAxis>true</HideWithoutRelativeAxis>
      <HideWithRawInput>true</HideWithRawInput>
    </JoystickButtons>
    <JoystickButtons>
      <ButtonName>Player 2 Vacuum Y Down</ButtonName>
      <InputMapping>P2ButtonDown</InputMapping>
      <HideWithoutRelativeAxis>true</HideWithoutRelativeAxis>
      <HideWithRawInput>true</HideWithRawInput>
    </JoystickButtons>
    <JoystickButtons>
      <ButtonName>Player 2 Vacuum X Left</ButtonName>
      <InputMapping>P2ButtonLeft</InputMapping>
      <HideWithoutRelativeAxis>true</HideWithoutRelativeAxis>
      <HideWithRawInput>true</HideWithRawInput>
    </JoystickButtons>
    <JoystickButtons>
      <ButtonName>Player 2 Vacuum X Right</ButtonName>
      <InputMapping>P2ButtonRight</InputMapping>
      <HideWithoutRelativeAxis>true</HideWithoutRelativeAxis>
      <HideWithRawInput>true</HideWithRawInput>
    </JoystickButtons>
    <JoystickButtons>
      <ButtonName>Player 2 Vacuum Button</ButtonName>
      <InputMapping>P2Button1</InputMapping>
    </JoystickButtons>
    <JoystickButtons>
      <ButtonName>Player 2 Vacuum Lever</ButtonName>
      <InputMapping>P2Button2</InputMapping>
    </JoystickButtons>
    <JoystickButtons>
      <ButtonName>Player 2 Vacuum Screen Out</ButtonName>
      <InputMapping>P2Button3</InputMapping>
    </JoystickButtons>
  </JoystickButtons>
</GameProfile>
