﻿<?xml version="1.0" encoding="utf-8"?>
<GameProfile xmlns:xsi="http://www.w3.org/2001/XMLSchema-instance" xmlns:xsd="http://www.w3.org/2001/XMLSchema">
  <GameName>STAR WARS: Battle Pod</GameName>
  <GameGenre>Flying</GameGenre>
  <GamePath/>
  <TestMenuParameter/>
  <TestMenuIsExecutable>false</TestMenuIsExecutable>
  <ExtraParameters/>
  <TestMenuExtraParameters/>
  <IconName>Icons\StarWars.png</IconName>
  <GameProfileRevision>28</GameProfileRevision>
  <Is64Bit>true</Is64Bit>
  <HasSeparateTestMode>false</HasSeparateTestMode>
  <EmulationProfile>NamcoMachStorm</EmulationProfile>
  <EmulatorType>OpenParrot</EmulatorType>
  <ExecutableName>RSLauncher.exe</ExecutableName>
  <ConfigValues>
    <FieldInformation>
      <CategoryName>General</CategoryName>
      <FieldName>Input API</FieldName>
      <FieldValue>DirectInput</FieldValue>
      <FieldType>Dropdown</FieldType>
      <FieldOptions>
        <string>DirectInput</string>
        <string>XInput</string>
      </FieldOptions>
    </FieldInformation>
    <FieldInformation>
      <CategoryName>General</CategoryName>
      <FieldName>FreePlay</FieldName>
      <FieldValue>0</FieldValue>
      <FieldType>Bool</FieldType>
    </FieldInformation>
    <FieldInformation>
      <CategoryName>General</CategoryName>
      <FieldName>Remove Camera Error</FieldName>
      <FieldValue>1</FieldValue>
      <FieldType>Bool</FieldType>
    </FieldInformation>
    <FieldInformation>
      <CategoryName>General</CategoryName>
      <FieldName>Windowed</FieldName>
      <FieldValue>1</FieldValue>
      <FieldType>Bool</FieldType>
    </FieldInformation>
    <FieldInformation>
      <CategoryName>General</CategoryName>
      <FieldName>HideCursor</FieldName>
      <FieldValue>0</FieldValue>
      <FieldType>Bool</FieldType>
    </FieldInformation>
    <FieldInformation>
      <CategoryName>General</CategoryName>
      <FieldName>Disable Rumble</FieldName>
      <FieldValue>0</FieldValue>
      <FieldType>Bool</FieldType>
    </FieldInformation>
    <FieldInformation>
      <CategoryName>General</CategoryName>
      <FieldName>Reverse Y Axis</FieldName>
      <FieldValue>0</FieldValue>
      <FieldType>Bool</FieldType>
    </FieldInformation>
    <FieldInformation>
      <CategoryName>General</CategoryName>
      <FieldName>Reverse Throttle Axis</FieldName>
      <FieldValue>0</FieldValue>
      <FieldType>Bool</FieldType>
    </FieldInformation>
    <FieldInformation>
      <CategoryName>General</CategoryName>
      <FieldName>Use Keyboard/Button For Axis</FieldName>
      <FieldValue>0</FieldValue>
      <FieldType>Bool</FieldType>
    </FieldInformation>
    <FieldInformation>
      <CategoryName>General</CategoryName>
      <FieldName>Keyboard/Button Axis X/Y Sensitivity</FieldName>
      <FieldValue>Medium</FieldValue>
      <FieldType>Dropdown</FieldType>
      <FieldOptions>
        <string>Low</string>
        <string>Medium Low</string>
        <string>Medium</string>
        <string>Medium High</string>
        <string>High</string>
        <string>Instant</string>
      </FieldOptions>
    </FieldInformation>
    <FieldInformation>
      <CategoryName>General</CategoryName>
      <FieldName>Keyboard/Button Axis Throttle Sensitivity</FieldName>
      <FieldValue>Medium</FieldValue>
      <FieldType>Dropdown</FieldType>
      <FieldOptions>
        <string>Low</string>
        <string>Medium Low</string>
        <string>Medium</string>
        <string>Medium High</string>
        <string>High</string>
        <string>Instant</string>
      </FieldOptions>
    </FieldInformation>
  </ConfigValues>
  <JoystickButtons>
    <JoystickButtons>
      <ButtonName>Test</ButtonName>
      <InputMapping>Test</InputMapping>
    </JoystickButtons>
    <JoystickButtons>
      <ButtonName>Service</ButtonName>
      <InputMapping>Service1</InputMapping>
    </JoystickButtons>
    <JoystickButtons>
      <ButtonName>Start</ButtonName>
      <InputMapping>P1ButtonStart</InputMapping>
    </JoystickButtons>
    <JoystickButtons>
      <ButtonName>Throttle</ButtonName>
      <InputMapping>Analog2</InputMapping>
      <AnalogType>SWThrottle</AnalogType>
    </JoystickButtons>
    <JoystickButtons>
      <ButtonName>Throttle Brake</ButtonName>
      <InputMapping>Analog2</InputMapping>
      <HideWithXInput>true</HideWithXInput>
      <HideWithoutKeyboardForAxis>true</HideWithoutKeyboardForAxis>
      <AnalogType>SWThrottle</AnalogType>
    </JoystickButtons>
    <JoystickButtons>
      <ButtonName>Analog X</ButtonName>
      <InputMapping>Analog4</InputMapping>
      <HideWithKeyboardForAxis>true</HideWithKeyboardForAxis>
      <AnalogType>AnalogJoystick</AnalogType>
    </JoystickButtons>
    <JoystickButtons>
      <ButtonName>Analog Y</ButtonName>
      <InputMapping>Analog6</InputMapping>
      <HideWithKeyboardForAxis>true</HideWithKeyboardForAxis>
      <AnalogType>AnalogJoystickReverse</AnalogType>
    </JoystickButtons>
    <JoystickButtons>
      <ButtonName>Analog X Left</ButtonName>
      <InputMapping>Analog4</InputMapping>
      <HideWithXInput>true</HideWithXInput>
      <HideWithoutKeyboardForAxis>true</HideWithoutKeyboardForAxis>
      <AnalogType>AnalogJoystick</AnalogType>
    </JoystickButtons>
    <JoystickButtons>
      <ButtonName>Analog X Right</ButtonName>
      <InputMapping>Analog4</InputMapping>
      <HideWithXInput>true</HideWithXInput>
      <HideWithoutKeyboardForAxis>true</HideWithoutKeyboardForAxis>
      <AnalogType>AnalogJoystick</AnalogType>
    </JoystickButtons>
    <JoystickButtons>
      <ButtonName>Analog Y Up</ButtonName>
      <InputMapping>Analog6</InputMapping>
      <HideWithXInput>true</HideWithXInput>
      <HideWithoutKeyboardForAxis>true</HideWithoutKeyboardForAxis>
      <AnalogType>AnalogJoystickReverse</AnalogType>
    </JoystickButtons>
    <JoystickButtons>
      <ButtonName>Analog Y Down</ButtonName>
      <InputMapping>Analog6</InputMapping>
      <HideWithXInput>true</HideWithXInput>
      <HideWithoutKeyboardForAxis>true</HideWithoutKeyboardForAxis>
      <AnalogType>AnalogJoystickReverse</AnalogType>
    </JoystickButtons>
    <JoystickButtons>
      <ButtonName>View Change</ButtonName>
      <InputMapping>P1Button3</InputMapping>
    </JoystickButtons>
    <JoystickButtons>
      <ButtonName>Menu Up</ButtonName>
      <InputMapping>P1ButtonUp</InputMapping>
    </JoystickButtons>
    <JoystickButtons>
      <ButtonName>Menu Down</ButtonName>
      <InputMapping>P1ButtonDown</InputMapping>
    </JoystickButtons>
    <JoystickButtons>
      <ButtonName>Enter Switch</ButtonName>
      <InputMapping>P1Button1</InputMapping>
    </JoystickButtons>
    <JoystickButtons>
      <ButtonName>Weapon Trigger</ButtonName>
      <InputMapping>ExtensionOne12</InputMapping>
    </JoystickButtons>
    <JoystickButtons>
      <ButtonName>Weapon Button</ButtonName>
      <InputMapping>ExtensionOne11</InputMapping>
    </JoystickButtons>
  </JoystickButtons>
</GameProfile>
