﻿<?xml version="1.0" encoding="utf-8"?>
<GameProfile xmlns:xsi="http://www.w3.org/2001/XMLSchema-instance" xmlns:xsd="http://www.w3.org/2001/XMLSchema">
  <GameName>Too Spicy</GameName>
  <GameGenre>Shooter</GameGenre>
  <GamePath/>
  <TestMenuParameter>apachetestM.elf</TestMenuParameter>
  <TestMenuIsExecutable>true</TestMenuIsExecutable>
  <ExtraParameters/>
  <TestMenuExtraParameters>-t</TestMenuExtraParameters>
  <IconName>Icons\2Spicy.png</IconName>
  <EmulationProfile>TooSpicy</EmulationProfile>
  <GameProfileRevision>17</GameProfileRevision>
  <HasSeparateTestMode>true</HasSeparateTestMode>
  <EmulatorType>Lindbergh</EmulatorType>
  <msysType>3</msysType>
  <GunGame>true</GunGame>
  <InvertedMouseAxis>true</InvertedMouseAxis>
  <xAxisMin>9</xAxisMin>
  <xAxisMax>246</xAxisMax>
  <yAxisMin>5</yAxisMin>
  <yAxisMax>251</yAxisMax>
  <ConfigValues>
    <FieldInformation>
      <CategoryName>General</CategoryName>
      <FieldName>Input API</FieldName>
      <FieldValue>RawInput</FieldValue>
      <FieldType>Dropdown</FieldType>
      <FieldOptions>
        <string>DirectInput</string>
        <string>XInput</string>
        <string>RawInput</string>
      </FieldOptions>
    </FieldInformation>
    <FieldInformation>
      <CategoryName>General</CategoryName>
      <FieldName>DisplayMode</FieldName>
      <FieldValue>Windowed</FieldValue>
      <FieldType>Dropdown</FieldType>
      <FieldOptions>
        <string>Windowed</string>
        <string>Fullscreen</string>
        <string>Fullscreen Windowed</string>
      </FieldOptions>
    </FieldInformation>
    <FieldInformation>
      <CategoryName>General</CategoryName>
      <FieldName>EnableAmdFix</FieldName>
      <FieldValue>0</FieldValue>
      <FieldType>Bool</FieldType>
    </FieldInformation>
    <FieldInformation>
      <CategoryName>General</CategoryName>
      <FieldName>DongleRegion</FieldName>
      <FieldValue>EXPORT</FieldValue>
      <FieldType>Dropdown</FieldType>
      <FieldOptions>
        <string>JAPAN</string>
        <string>USA</string>
        <string>EXPORT</string>
      </FieldOptions>
    </FieldInformation>
    <FieldInformation>
      <CategoryName>General</CategoryName>
      <FieldName>PcbRegion</FieldName>
      <FieldValue>EXPORT</FieldValue>
      <FieldType>Dropdown</FieldType>
      <FieldOptions>
        <string>JAPAN</string>
        <string>USA</string>
        <string>EXPORT</string>
      </FieldOptions>
    </FieldInformation>
    <FieldInformation>
      <CategoryName>General</CategoryName>
      <FieldName>FreePlay</FieldName>
      <FieldValue>1</FieldValue>
      <FieldType>Bool</FieldType>
    </FieldInformation>
    <FieldInformation>
      <CategoryName>General</CategoryName>
      <FieldName>HideCursor</FieldName>
      <FieldValue>0</FieldValue>
      <FieldType>Bool</FieldType>
    </FieldInformation>
  </ConfigValues>
  <JoystickButtons>
    <JoystickButtons>
      <ButtonName>Test</ButtonName>
      <InputMapping>Test</InputMapping>
    </JoystickButtons>
    <JoystickButtons>
      <ButtonName>Service 1</ButtonName>
      <InputMapping>Service1</InputMapping>
    </JoystickButtons>
    <JoystickButtons>
      <ButtonName>Coin 1</ButtonName>
      <InputMapping>Coin1</InputMapping>
    </JoystickButtons>
    <JoystickButtons>
      <ButtonName>Coin 2</ButtonName>
      <InputMapping>Coin2</InputMapping>
    </JoystickButtons>
    <JoystickButtons>
      <ButtonName>Player 1 Start</ButtonName>
      <InputMapping>P1ButtonStart</InputMapping>
    </JoystickButtons>
    <JoystickButtons>
      <ButtonName>Player 1 Light Gun</ButtonName>
      <InputMapping>P1LightGun</InputMapping>
      <HideWithDirectInput>true</HideWithDirectInput>
      <HideWithXInput>true</HideWithXInput>
    </JoystickButtons>
    <JoystickButtons>
      <ButtonName>Pedal Left</ButtonName>
      <InputMapping>P1ButtonLeft</InputMapping>
    </JoystickButtons>
    <JoystickButtons>
      <ButtonName>Pedal Right</ButtonName>
      <InputMapping>P1ButtonRight</InputMapping>
    </JoystickButtons>
    <JoystickButtons>
      <ButtonName>Player 1 Gun Trigger</ButtonName>
      <InputMapping>P1Button1</InputMapping>
    </JoystickButtons>
    <JoystickButtons>
      <ButtonName>Reload</ButtonName>
      <InputMapping>P1Button2</InputMapping>
    </JoystickButtons>
    <JoystickButtons>
      <ButtonName>Player 1 Gun Down</ButtonName>
      <InputMapping>P2ButtonLeft</InputMapping>
      <HideWithRawInput>true</HideWithRawInput>
    </JoystickButtons>
    <JoystickButtons>
      <ButtonName>Player 1 Gun Up</ButtonName>
      <InputMapping>P2ButtonRight</InputMapping>
      <HideWithRawInput>true</HideWithRawInput>
    </JoystickButtons>
    <JoystickButtons>
      <ButtonName>Player 1 Gun Left</ButtonName>
      <InputMapping>P2ButtonDown</InputMapping>
      <HideWithRawInput>true</HideWithRawInput>
    </JoystickButtons>
    <JoystickButtons>
      <ButtonName>Player 1 Gun Right</ButtonName>
      <InputMapping>P2ButtonUp</InputMapping>
      <HideWithRawInput>true</HideWithRawInput>
    </JoystickButtons>
  </JoystickButtons>
</GameProfile>
