﻿<?xml version="1.0" encoding="utf-8"?>
<GameProfile xmlns:xsi="http://www.w3.org/2001/XMLSchema-instance" xmlns:xsd="http://www.w3.org/2001/XMLSchema">
  <GameName>Guitar Hero Arcade</GameName>
  <GameGenre>Rhythm</GameGenre>
  <GamePath/>
  <TestMenuParameter></TestMenuParameter>
  <TestMenuIsExecutable>false</TestMenuIsExecutable>
  <ExtraParameters/>
  <TestMenuExtraParameters/>
  <IconName>Icons\GHA.png</IconName>
  <EmulationProfile>GHA</EmulationProfile>
  <GameProfileRevision>20</GameProfileRevision>
  <HasSeparateTestMode>false</HasSeparateTestMode>
  <RequiresAdmin>true</RequiresAdmin>
  <EmulatorType>OpenParrot</EmulatorType>
  <InvalidFiles>xinput1_3.dll,Xinputter.ini,dinput8.dll</InvalidFiles>
  <ConfigValues>
    <FieldInformation>
      <CategoryName>General</CategoryName>
      <FieldName>Input API</FieldName>
      <FieldValue>DirectInput</FieldValue>
      <FieldType>Dropdown</FieldType>
      <FieldOptions>
        <string>DirectInput</string>
        <string>XInput</string>
      </FieldOptions>
    </FieldInformation>
    <FieldInformation>
      <CategoryName>General</CategoryName>
      <FieldName>Windowed</FieldName>
      <FieldValue>1</FieldValue>
      <FieldType>Bool</FieldType>
    </FieldInformation>
   <FieldInformation>
      <CategoryName>General</CategoryName>
      <FieldName>HDPatch</FieldName>
      <FieldValue>0</FieldValue>
      <FieldType>Bool</FieldType>
    </FieldInformation>
    <FieldInformation>
      <CategoryName>General</CategoryName>
      <FieldName>UnlockMainMenu</FieldName>
      <FieldValue>0</FieldValue>
      <FieldType>Bool</FieldType>
    </FieldInformation>
  </ConfigValues>
  <JoystickButtons>
    <JoystickButtons>
      <ButtonName>Start</ButtonName>
      <InputMapping>PokkenButtonStart</InputMapping>
    </JoystickButtons>
     <JoystickButtons>
      <ButtonName>Menu Up</ButtonName>
      <InputMapping>PokkenButtonUp</InputMapping>
    </JoystickButtons>
    <JoystickButtons>
      <ButtonName>Menu Down</ButtonName>
      <InputMapping>PokkenButtonDown</InputMapping>
    </JoystickButtons>
    <JoystickButtons>
      <ButtonName>Menu Left</ButtonName>
      <InputMapping>PokkenButtonLeft</InputMapping>
    </JoystickButtons>
    <JoystickButtons>
      <ButtonName>Menu Right</ButtonName>
      <InputMapping>PokkenButtonRight</InputMapping>
    </JoystickButtons>
     <JoystickButtons>
      <ButtonName>Back/Cancel</ButtonName>
      <InputMapping>PokkenButtonB</InputMapping>
    </JoystickButtons>
    <JoystickButtons>
      <ButtonName>Orange/OK</ButtonName>
      <InputMapping>PokkenButtonA</InputMapping>
    </JoystickButtons>
    <JoystickButtons>
      <ButtonName>Green</ButtonName>
      <InputMapping>PokkenButtonX</InputMapping>
    </JoystickButtons>
    <JoystickButtons>
      <ButtonName>Blue</ButtonName>
      <InputMapping>PokkenButtonY</InputMapping>
    </JoystickButtons>
    <JoystickButtons>
      <ButtonName>Red</ButtonName>
      <InputMapping>PokkenButtonL</InputMapping>
    </JoystickButtons>
    <JoystickButtons>
      <ButtonName>Yellow</ButtonName>
      <InputMapping>PokkenButtonR</InputMapping>
    </JoystickButtons>
  </JoystickButtons>
</GameProfile>