﻿<?xml version="1.0" encoding="utf-8"?>
<GameProfile xmlns:xsi="http://www.w3.org/2001/XMLSchema-instance" xmlns:xsd="http://www.w3.org/2001/XMLSchema">
  <GameName>Virtua Tennis 3</GameName>
  <GameGenre>Sports</GameGenre>
  <GamePath/>
  <TestMenuParameter>vt3_testmode</TestMenuParameter>
  <TestMenuIsExecutable>true</TestMenuIsExecutable>
  <ExtraParameters/>
  <TestMenuExtraParameters></TestMenuExtraParameters>
  <IconName>Icons\VT3.png</IconName>
  <EmulationProfile>Vt3Lindbergh</EmulationProfile>
  <GameProfileRevision>12</GameProfileRevision>
  <HasSeparateTestMode>true</HasSeparateTestMode>
  <EmulatorType>Lindbergh</EmulatorType>
  <msysType>2</msysType>
  <ConfigValues>
    <FieldInformation>
      <CategoryName>General</CategoryName>
      <FieldName>Input API</FieldName>
      <FieldValue>DirectInput</FieldValue>
      <FieldType>Dropdown</FieldType>
      <FieldOptions>
        <string>DirectInput</string>
        <string>XInput</string>
      </FieldOptions>
    </FieldInformation>
    <FieldInformation>
      <CategoryName>General</CategoryName>
      <FieldName>EnableAmdFix</FieldName>
      <FieldValue>0</FieldValue>
      <FieldType>Bool</FieldType>
    </FieldInformation>
    <FieldInformation>
      <CategoryName>General</CategoryName>
      <FieldName>FreePlay</FieldName>
      <FieldValue>1</FieldValue>
      <FieldType>Bool</FieldType>
    </FieldInformation>
    <FieldInformation>
      <CategoryName>General</CategoryName>
      <FieldName>Windowed</FieldName>
      <FieldValue>1</FieldValue>
      <FieldType>Bool</FieldType>
    </FieldInformation>
    <FieldInformation>
      <CategoryName>General</CategoryName>
      <FieldName>FullHDHack</FieldName>
      <FieldValue>0</FieldValue>
      <FieldType>Bool</FieldType>
    </FieldInformation>
    <FieldInformation>
      <CategoryName>General</CategoryName>
      <FieldName>VgaMode</FieldName>
      <FieldValue>0</FieldValue>
      <FieldType>Bool</FieldType>
    </FieldInformation>
  </ConfigValues>
  <JoystickButtons>
    <JoystickButtons>
      <ButtonName>Test</ButtonName>
      <InputMapping>Test</InputMapping>
    </JoystickButtons>
    <JoystickButtons>
      <ButtonName>Service 1</ButtonName>
      <InputMapping>Service1</InputMapping>
    </JoystickButtons>
    <JoystickButtons>
      <ButtonName>Service 2</ButtonName>
      <InputMapping>Service2</InputMapping>
    </JoystickButtons>
    <JoystickButtons>
      <ButtonName>Coin 1</ButtonName>
      <InputMapping>Coin1</InputMapping>
    </JoystickButtons>
    <JoystickButtons>
      <ButtonName>Coin 2</ButtonName>
      <InputMapping>Coin2</InputMapping>
    </JoystickButtons>
    <JoystickButtons>
      <ButtonName>Player 1 Start</ButtonName>
      <InputMapping>P1ButtonStart</InputMapping>
    </JoystickButtons>
    <JoystickButtons>
      <ButtonName>Player 1 Up</ButtonName>
      <InputMapping>P1ButtonUp</InputMapping>
    </JoystickButtons>
    <JoystickButtons>
      <ButtonName>Player 1 Down</ButtonName>
      <InputMapping>P1ButtonDown</InputMapping>
    </JoystickButtons>
    <JoystickButtons>
      <ButtonName>Player 1 Left</ButtonName>
      <InputMapping>P1ButtonLeft</InputMapping>
    </JoystickButtons>
    <JoystickButtons>
      <ButtonName>Player 1 Right</ButtonName>
      <InputMapping>P1ButtonRight</InputMapping>
    </JoystickButtons>
    <JoystickButtons>
      <ButtonName>Player 1 Button 1</ButtonName>
      <InputMapping>P1Button1</InputMapping>
    </JoystickButtons>
    <JoystickButtons>
      <ButtonName>Player 1 Button 2</ButtonName>
      <InputMapping>P1Button2</InputMapping>
    </JoystickButtons>
    <JoystickButtons>
      <ButtonName>Player 1 Enter Card (Patreon Only)</ButtonName>
      <InputMapping>P1Button4</InputMapping>
    </JoystickButtons>
    <JoystickButtons>
      <ButtonName>Player 2 Start</ButtonName>
      <InputMapping>P2ButtonStart</InputMapping>
    </JoystickButtons>
    <JoystickButtons>
      <ButtonName>Player 2 Up</ButtonName>
      <InputMapping>P2ButtonUp</InputMapping>
    </JoystickButtons>
    <JoystickButtons>
      <ButtonName>Player 2 Down</ButtonName>
      <InputMapping>P2ButtonDown</InputMapping>
    </JoystickButtons>
    <JoystickButtons>
      <ButtonName>Player 2 Left</ButtonName>
      <InputMapping>P2ButtonLeft</InputMapping>
    </JoystickButtons>
    <JoystickButtons>
      <ButtonName>Player 2 Right</ButtonName>
      <InputMapping>P2ButtonRight</InputMapping>
    </JoystickButtons>
    <JoystickButtons>
      <ButtonName>Player 2 Button 1</ButtonName>
      <InputMapping>P2Button1</InputMapping>
    </JoystickButtons>
    <JoystickButtons>
      <ButtonName>Player 2 Button 2</ButtonName>
      <InputMapping>P2Button2</InputMapping>
    </JoystickButtons>
    <JoystickButtons>
      <ButtonName>Player 2 Enter Card (Patreon Only)</ButtonName>
      <InputMapping>P2Button4</InputMapping>
    </JoystickButtons>
  </JoystickButtons>
</GameProfile>
