﻿<?xml version="1.0" encoding="utf-8"?>
<GameProfile xmlns:xsi="http://www.w3.org/2001/XMLSchema-instance" xmlns:xsd="http://www.w3.org/2001/XMLSchema">
  <GameName>R-Tuned : Ultimate Street Racing</GameName>
  <GameGenre>Racing</GameGenre>
  <GamePath/>
  <TestMenuParameter>-t</TestMenuParameter>
  <TestMenuIsExecutable>false</TestMenuIsExecutable>
  <ExtraParameters/>
  <TestMenuExtraParameters/>
  <IconName>Icons\R-Tuned.png</IconName>
  <EmulationProfile>SegaRTuned</EmulationProfile>
  <GameProfileRevision>15</GameProfileRevision>
  <HasSeparateTestMode>true</HasSeparateTestMode>
  <EmulatorType>Lindbergh</EmulatorType>
  <msysType>3</msysType>
  <ConfigValues>
    <FieldInformation>
      <CategoryName>General</CategoryName>
      <FieldName>Input API</FieldName>
      <FieldValue>DirectInput</FieldValue>
      <FieldType>Dropdown</FieldType>
      <FieldOptions>
        <string>DirectInput</string>
        <string>XInput</string>
      </FieldOptions>
    </FieldInformation>
    <FieldInformation>
      <CategoryName>General</CategoryName>
      <FieldName>DongleRegion</FieldName>
      <FieldValue>EXPORT</FieldValue>
      <FieldType>Dropdown</FieldType>
      <FieldOptions>
        <string>JAPAN</string>
        <string>USA</string>
        <string>EXPORT</string>
      </FieldOptions>
    </FieldInformation>
    <FieldInformation>
      <CategoryName>General</CategoryName>
      <FieldName>PcbRegion</FieldName>
      <FieldValue>EXPORT</FieldValue>
      <FieldType>Dropdown</FieldType>
      <FieldOptions>
        <string>JAPAN</string>
        <string>USA</string>
        <string>EXPORT</string>
      </FieldOptions>
    </FieldInformation>
    <FieldInformation>
      <CategoryName>General</CategoryName>
      <FieldName>FreePlay</FieldName>
      <FieldValue>1</FieldValue>
      <FieldType>Bool</FieldType>
    </FieldInformation>
    <FieldInformation>
      <CategoryName>General</CategoryName>
      <FieldName>Windowed</FieldName>
      <FieldValue>1</FieldValue>
      <FieldType>Bool</FieldType>
    </FieldInformation>
    <FieldInformation>
      <CategoryName>General</CategoryName>
      <FieldName>CustomResolution</FieldName>
      <FieldValue>0</FieldValue>
      <FieldType>Bool</FieldType>
    </FieldInformation>
    <FieldInformation>
      <CategoryName>General</CategoryName>
      <FieldName>Stretch2D</FieldName>
      <FieldValue>0</FieldValue>
      <FieldType>Bool</FieldType>
    </FieldInformation>
    <FieldInformation>
      <CategoryName>General</CategoryName>
      <FieldName>AntiAliasing</FieldName>
      <FieldValue>0</FieldValue>
      <FieldType>Bool</FieldType>
    </FieldInformation>
    <FieldInformation>
      <CategoryName>General</CategoryName>
      <FieldName>ResolutionWidth</FieldName>
      <FieldValue>1360</FieldValue>
      <FieldType>Text</FieldType>
    </FieldInformation>
    <FieldInformation>
      <CategoryName>General</CategoryName>
      <FieldName>ResolutionHeight</FieldName>
      <FieldValue>768</FieldValue>
      <FieldType>Text</FieldType>
    </FieldInformation>
    <FieldInformation>
      <CategoryName>General</CategoryName>
      <FieldName>Use Keyboard/Button For Axis</FieldName>
      <FieldValue>0</FieldValue>
      <FieldType>Bool</FieldType>
    </FieldInformation>
    <FieldInformation>
      <CategoryName>General</CategoryName>
      <FieldName>Keyboard/Button Axis Wheel Sensitivity</FieldName>
      <FieldValue>10</FieldValue>
      <FieldType>Slider</FieldType>
      <FieldMin>1</FieldMin>
      <FieldMax>127</FieldMax>
      <FieldOptions />
    </FieldInformation>
    <FieldInformation>
      <CategoryName>General</CategoryName>
      <FieldName>Keyboard/Button Axis Pedal Sensitivity</FieldName>
      <FieldValue>10</FieldValue>
      <FieldType>Slider</FieldType>
      <FieldMin>1</FieldMin>
      <FieldMax>255</FieldMax>
      <FieldOptions />
    </FieldInformation>
    <FieldInformation>
      <CategoryName>General</CategoryName>
      <FieldName>Enable Outputs</FieldName>
      <FieldValue>0</FieldValue>
      <FieldType>Bool</FieldType>
    </FieldInformation>
  </ConfigValues>
  <JoystickButtons>
    <JoystickButtons>
      <ButtonName>Test</ButtonName>
      <InputMapping>Test</InputMapping>
    </JoystickButtons>
    <JoystickButtons>
      <ButtonName>Service</ButtonName>
      <InputMapping>Service1</InputMapping>
    </JoystickButtons>
    <JoystickButtons>
      <ButtonName>Coin</ButtonName>
      <InputMapping>Coin1</InputMapping>
    </JoystickButtons>
    <JoystickButtons>
      <ButtonName>Start</ButtonName>
      <InputMapping>P1ButtonStart</InputMapping>
    </JoystickButtons>
    <JoystickButtons>
      <ButtonName>Wheel Axis</ButtonName>
      <InputMapping>Analog0</InputMapping>
      <HideWithKeyboardForAxis>true</HideWithKeyboardForAxis>
      <AnalogType>Wheel</AnalogType>
    </JoystickButtons>
    <JoystickButtons>
      <ButtonName>Wheel Axis Left</ButtonName>
      <InputMapping>Analog0</InputMapping>
      <HideWithXInput>true</HideWithXInput>
      <HideWithoutKeyboardForAxis>true</HideWithoutKeyboardForAxis>
      <AnalogType>Wheel</AnalogType>
    </JoystickButtons>
    <JoystickButtons>
      <ButtonName>Wheel Axis Right</ButtonName>
      <InputMapping>Analog0</InputMapping>
      <HideWithXInput>true</HideWithXInput>
      <HideWithoutKeyboardForAxis>true</HideWithoutKeyboardForAxis>
      <AnalogType>Wheel</AnalogType>
    </JoystickButtons>
    <JoystickButtons>
      <ButtonName>Gas</ButtonName>
      <InputMapping>Analog2</InputMapping>
      <AnalogType>Gas</AnalogType>
    </JoystickButtons>
    <JoystickButtons>
      <ButtonName>Brake</ButtonName>
      <InputMapping>Analog4</InputMapping>
      <AnalogType>Brake</AnalogType>
    </JoystickButtons>
    <JoystickButtons>
      <ButtonName>Shift Up</ButtonName>
      <InputMapping>P2ButtonUp</InputMapping>
    </JoystickButtons>
    <JoystickButtons>
      <ButtonName>Shift Down</ButtonName>
      <InputMapping>P2ButtonDown</InputMapping>
    </JoystickButtons>
    <JoystickButtons>
      <ButtonName>View Change</ButtonName>
      <InputMapping>P1ButtonDown</InputMapping>
    </JoystickButtons>
    <JoystickButtons>
      <ButtonName>Boost Button Left</ButtonName>
      <InputMapping>P2Button1</InputMapping>
    </JoystickButtons>
    <JoystickButtons>
      <ButtonName>Boost Button Right</ButtonName>
      <InputMapping>P1ButtonRight</InputMapping>
    </JoystickButtons>
  </JoystickButtons>
</GameProfile>
