﻿<?xml version="1.0" encoding="utf-8"?>
<GameProfile xmlns:xsi="http://www.w3.org/2001/XMLSchema-instance" xmlns:xsd="http://www.w3.org/2001/XMLSchema">
  <GameName>Battle Gear 4 Tuned</GameName>
  <GameGenre>Racing</GameGenre>
  <GamePath/>
  <TestMenuParameter></TestMenuParameter>
  <TestMenuIsExecutable>false</TestMenuIsExecutable>
  <ExtraParameters/>
  <TestMenuExtraParameters/>
  <IconName>Icons\BattleGear4Tuned.png</IconName>
  <EmulationProfile>TaitoTypeXBattleGear</EmulationProfile>
  <GameProfileRevision>16</GameProfileRevision>
  <HasSeparateTestMode>false</HasSeparateTestMode>
  <EmulatorType>OpenParrot</EmulatorType>
  <ConfigValues>
    <FieldInformation>
      <CategoryName>General</CategoryName>
      <FieldName>Input API</FieldName>
      <FieldValue>DirectInput</FieldValue>
      <FieldType>Dropdown</FieldType>
      <FieldOptions>
        <string>DirectInput</string>
        <string>XInput</string>
      </FieldOptions>
    </FieldInformation>
    <FieldInformation>
      <CategoryName>General</CategoryName>
      <FieldName>Windowed</FieldName>
      <FieldValue>1</FieldValue>
      <FieldType>Bool</FieldType>
    </FieldInformation>
    <FieldInformation>
      <CategoryName>General</CategoryName>
      <FieldName>IntroFix</FieldName>
      <FieldValue>0</FieldValue>
      <FieldType>Bool</FieldType>
    </FieldInformation>
    <FieldInformation>
      <CategoryName>General</CategoryName>
      <FieldName>Enable Outputs</FieldName>
      <FieldValue>0</FieldValue>
      <FieldType>Bool</FieldType>
    </FieldInformation>
    <FieldInformation>
      <CategoryName>General</CategoryName>
      <FieldName>Professional Edition Enable</FieldName>
      <FieldValue>0</FieldValue>
      <FieldType>Bool</FieldType>
    </FieldInformation>
    <FieldInformation>
      <CategoryName>General</CategoryName>
      <FieldName>Professional Edition Hold Gear</FieldName>
      <FieldValue>0</FieldValue>
      <FieldType>Bool</FieldType>
    </FieldInformation>
    <FieldInformation>
      <CategoryName>General</CategoryName>
      <FieldName>Use Keyboard/Button For Axis</FieldName>
      <FieldValue>0</FieldValue>
      <FieldType>Bool</FieldType>
    </FieldInformation>
    <FieldInformation>
      <CategoryName>General</CategoryName>
      <FieldName>Keyboard/Button Axis Wheel Sensitivity</FieldName>
      <FieldValue>10</FieldValue>
      <FieldType>Slider</FieldType>
      <FieldMin>1</FieldMin>
      <FieldMax>127</FieldMax>
      <FieldOptions />
    </FieldInformation>
    <FieldInformation>
      <CategoryName>General</CategoryName>
      <FieldName>Keyboard/Button Axis Pedal Sensitivity</FieldName>
      <FieldValue>10</FieldValue>
      <FieldType>Slider</FieldType>
      <FieldMin>1</FieldMin>
      <FieldMax>255</FieldMax>
      <FieldOptions />
    </FieldInformation>
  </ConfigValues>
  <JoystickButtons>
    <JoystickButtons>
      <ButtonName>Test</ButtonName>
      <InputMapping>Test</InputMapping>
    </JoystickButtons>
    <JoystickButtons>
      <ButtonName>Service</ButtonName>
      <InputMapping>Service1</InputMapping>
    </JoystickButtons>
    <JoystickButtons>
      <ButtonName>Coin</ButtonName>
      <InputMapping>Coin1</InputMapping>
    </JoystickButtons>
    <JoystickButtons>
      <ButtonName>Start</ButtonName>
      <InputMapping>P1ButtonStart</InputMapping>
    </JoystickButtons>
    <JoystickButtons>
      <ButtonName>View Change</ButtonName>
      <InputMapping>P1ButtonUp</InputMapping>
    </JoystickButtons>
    <JoystickButtons>
      <ButtonName>Hazard</ButtonName>
      <InputMapping>P1ButtonDown</InputMapping>
    </JoystickButtons>
    <JoystickButtons>
      <ButtonName>Overtake</ButtonName>
      <InputMapping>P1ButtonLeft</InputMapping>
    </JoystickButtons>
    <JoystickButtons>
      <ButtonName>Sidebrake</ButtonName>
      <InputMapping>P1Button1</InputMapping>
    </JoystickButtons>
    <JoystickButtons>
      <ButtonName>Timer Start</ButtonName>
      <InputMapping>ExtensionOne1</InputMapping>
    </JoystickButtons>
    <JoystickButtons>
      <ButtonName>Seat Switch 1</ButtonName>
      <InputMapping>ExtensionOne3</InputMapping>
    </JoystickButtons>
    <JoystickButtons>
      <ButtonName>Seat Switch 2</ButtonName>
      <InputMapping>ExtensionOne2</InputMapping>
    </JoystickButtons>
    <JoystickButtons>
      <ButtonName>Key</ButtonName>
      <InputMapping>P1ButtonRight</InputMapping>
    </JoystickButtons>
    <JoystickButtons>
      <ButtonName>Shift Left</ButtonName>
      <InputMapping>P1Button5</InputMapping>
    </JoystickButtons>
    <JoystickButtons>
      <ButtonName>Shift Right</ButtonName>
      <InputMapping>P1Button6</InputMapping>
    </JoystickButtons>
	<JoystickButtons>
      <ButtonName>Gear 1</ButtonName>
      <InputMapping>ExtensionOne11</InputMapping>
    </JoystickButtons>
	<JoystickButtons>
      <ButtonName>Gear 2</ButtonName>
      <InputMapping>ExtensionOne12</InputMapping>
    </JoystickButtons>
	<JoystickButtons>
      <ButtonName>Gear 3 / Shift Up / Menu Right</ButtonName>
      <InputMapping>P1Button2</InputMapping>
    </JoystickButtons>
	<JoystickButtons>
      <ButtonName>Gear 4 / Shift Down / Menu Left</ButtonName>
      <InputMapping>P1Button3</InputMapping>
    </JoystickButtons>
	<JoystickButtons>
      <ButtonName>Gear 5</ButtonName>
      <InputMapping>ExtensionOne13</InputMapping>
    </JoystickButtons>
	<JoystickButtons>
      <ButtonName>Gear 6 / Reverse</ButtonName>
      <InputMapping>ExtensionOne14</InputMapping>
    </JoystickButtons>
	<JoystickButtons>
      <ButtonName>Wheel Axis</ButtonName>
      <InputMapping>Analog20</InputMapping>
      <HideWithKeyboardForAxis>true</HideWithKeyboardForAxis>
      <AnalogType>Wheel</AnalogType>
    </JoystickButtons>
    <JoystickButtons>
      <ButtonName>Wheel Axis Left</ButtonName>
      <InputMapping>Analog20</InputMapping>
      <HideWithXInput>true</HideWithXInput>
      <HideWithoutKeyboardForAxis>true</HideWithoutKeyboardForAxis>
      <AnalogType>Wheel</AnalogType>
    </JoystickButtons>
    <JoystickButtons>
      <ButtonName>Wheel Axis Right</ButtonName>
      <InputMapping>Analog20</InputMapping>
      <HideWithXInput>true</HideWithXInput>
      <HideWithoutKeyboardForAxis>true</HideWithoutKeyboardForAxis>
      <AnalogType>Wheel</AnalogType>
    </JoystickButtons>
    <JoystickButtons>
      <ButtonName>Gas</ButtonName>
      <InputMapping>Analog2</InputMapping>
      <AnalogType>Gas</AnalogType>
    </JoystickButtons>
    <JoystickButtons>
      <ButtonName>Brake</ButtonName>
      <InputMapping>Analog4</InputMapping>
      <AnalogType>Brake</AnalogType>
    </JoystickButtons>
    <JoystickButtons>
      <ButtonName>Clutch</ButtonName>
      <InputMapping>Analog6</InputMapping>
      <AnalogType>Gas</AnalogType>
    </JoystickButtons>
  </JoystickButtons>
</GameProfile>