﻿<?xml version="1.0" encoding="utf-8"?>
<GameProfile xmlns:xsi="http://www.w3.org/2001/XMLSchema-instance" xmlns:xsd="http://www.w3.org/2001/XMLSchema">
  <GameName>Lupin 3</GameName>
  <GameGenre>Shooter</GameGenre>
  <GamePath/>
  <TestMenuParameter></TestMenuParameter>
  <TestMenuIsExecutable>false</TestMenuIsExecutable>
  <ExtraParameters/>
  <TestMenuExtraParameters></TestMenuExtraParameters>
  <IconName>Icons\Lupin3.png</IconName>
  <EmulationProfile>TaitoTypeXGeneric</EmulationProfile>
  <GameProfileRevision>7</GameProfileRevision>
  <HasSeparateTestMode>false</HasSeparateTestMode>
  <EmulatorType>OpenParrot</EmulatorType>
  <DevOnly>true</DevOnly>
  <ConfigValues>
    <FieldInformation>
      <CategoryName>General</CategoryName>
      <FieldName>Input API</FieldName>
      <FieldValue>DirectInput</FieldValue>
      <FieldType>Dropdown</FieldType>
      <FieldOptions>
        <string>DirectInput</string>
        <string>XInput</string>
      </FieldOptions>
    </FieldInformation>
    <FieldInformation>
      <CategoryName>General</CategoryName>
      <FieldName>DongleRegion</FieldName>
      <FieldValue>JAPAN</FieldValue>
      <FieldType>Dropdown</FieldType>
      <FieldOptions>
        <string>JAPAN</string>
        <string>USA</string>
        <string>JAP2N</string>
        <string>EXPORT</string>
        <string>CHINA</string>
      </FieldOptions>
    </FieldInformation>
    <FieldInformation>
      <CategoryName>General</CategoryName>
      <FieldName>PcbRegion</FieldName>
      <FieldValue>JAPAN</FieldValue>
      <FieldType>Dropdown</FieldType>
      <FieldOptions>
        <string>JAPAN</string>
        <string>USA</string>
        <string>JAP2N</string>
        <string>EXPORT</string>
        <string>CHINA</string>
      </FieldOptions>
    </FieldInformation>
    <FieldInformation>
      <CategoryName>General</CategoryName>
      <FieldName>FreePlay</FieldName>
      <FieldValue>1</FieldValue>
      <FieldType>Bool</FieldType>
    </FieldInformation>
    <FieldInformation>
      <CategoryName>General</CategoryName>
      <FieldName>Windowed</FieldName>
      <FieldValue>1</FieldValue>
      <FieldType>Bool</FieldType>
    </FieldInformation>
  </ConfigValues>
  <JoystickButtons>
    <JoystickButtons>
      <ButtonName>Test</ButtonName>
      <InputMapping>Test</InputMapping>
    </JoystickButtons>
    <JoystickButtons>
      <ButtonName>Service 1</ButtonName>
      <InputMapping>Service1</InputMapping>
    </JoystickButtons>
    <JoystickButtons>
      <ButtonName>Service 2</ButtonName>
      <InputMapping>Service2</InputMapping>
    </JoystickButtons>
    <JoystickButtons>
      <ButtonName>Coin 1</ButtonName>
      <InputMapping>Coin1</InputMapping>
    </JoystickButtons>
    <JoystickButtons>
      <ButtonName>Coin 2</ButtonName>
      <InputMapping>Coin2</InputMapping>
    </JoystickButtons>
    <JoystickButtons>
      <ButtonName>Player 1 Start</ButtonName>
      <InputMapping>P1ButtonStart</InputMapping>
    </JoystickButtons>
    <JoystickButtons>
      <ButtonName>Player 1 Gun Down</ButtonName>
      <InputMapping>P1ButtonLeft</InputMapping>
    </JoystickButtons>
    <JoystickButtons>
      <ButtonName>Player 1 Gun Up</ButtonName>
      <InputMapping>P1ButtonRight</InputMapping>
    </JoystickButtons>
    <JoystickButtons>
      <ButtonName>Player 1 Gun Left</ButtonName>
      <InputMapping>P1ButtonDown</InputMapping>
    </JoystickButtons>
    <JoystickButtons>
      <ButtonName>Player 1 Gun Right</ButtonName>
      <InputMapping>P1ButtonUp</InputMapping>
    </JoystickButtons>
    <JoystickButtons>
      <ButtonName>Player 1 Gun Trigger</ButtonName>
      <InputMapping>P1Button1</InputMapping>
    </JoystickButtons>
    <JoystickButtons>
      <ButtonName>Player 1 Reload</ButtonName>
      <InputMapping>P1Button2</InputMapping>
    </JoystickButtons>
    <JoystickButtons>
      <ButtonName>Player 2 Start</ButtonName>
      <InputMapping>P2ButtonStart</InputMapping>
    </JoystickButtons>
    <JoystickButtons>
      <ButtonName>Player 2 Gun Down</ButtonName>
      <InputMapping>P2ButtonLeft</InputMapping>
    </JoystickButtons>
    <JoystickButtons>
      <ButtonName>Player 2 Gun Up</ButtonName>
      <InputMapping>P2ButtonRight</InputMapping>
    </JoystickButtons>
    <JoystickButtons>
      <ButtonName>Player 2 Gun Left</ButtonName>
      <InputMapping>P2ButtonDown</InputMapping>
    </JoystickButtons>
    <JoystickButtons>
      <ButtonName>Player 2 Gun Right</ButtonName>
      <InputMapping>P2ButtonUp</InputMapping>
    </JoystickButtons>
    <JoystickButtons>
      <ButtonName>Player 2 Gun Trigger</ButtonName>
      <InputMapping>P2Button1</InputMapping>
    </JoystickButtons>
    <JoystickButtons>
      <ButtonName>Player 2 Reload</ButtonName>
      <InputMapping>P2Button2</InputMapping>
    </JoystickButtons>
  </JoystickButtons>
</GameProfile>
