﻿<?xml version="1.0" encoding="utf-8"?>
<GameProfile xmlns:xsi="http://www.w3.org/2001/XMLSchema-instance" xmlns:xsd="http://www.w3.org/2001/XMLSchema">
  <GameName>Let's Go Island: Lost on the Island of Tropics</GameName>
  <GameGenre>Shooter</GameGenre>
  <GamePath/>
  <TestMenuParameter>-TestMode</TestMenuParameter>
  <TestMenuIsExecutable>false</TestMenuIsExecutable>
  <ExtraParameters/>
  <TestMenuExtraParameters/>
  <IconName>Icons\LGI.png</IconName>
  <EmulationProfile>SegaJvsLetsGoIsland</EmulationProfile>
  <GameProfileRevision>8</GameProfileRevision>
  <HasSeparateTestMode>true</HasSeparateTestMode>
  <EmulatorType>TeknoParrot</EmulatorType>
  <GunGame>true</GunGame>
  <xAxisMin>27</xAxisMin>
  <xAxisMax>208</xAxisMax>
  <yAxisMin>35</yAxisMin>
  <yAxisMax>178</yAxisMax>
  <ConfigValues>
    <FieldInformation>
      <CategoryName>General</CategoryName>
      <FieldName>Input API</FieldName>
      <FieldValue>RawInput</FieldValue>
      <FieldType>Dropdown</FieldType>
      <FieldOptions>
        <string>DirectInput</string>
        <string>XInput</string>
        <string>RawInput</string>
      </FieldOptions>
    </FieldInformation>
    <FieldInformation>
      <CategoryName>General</CategoryName>
      <FieldName>DongleRegion</FieldName>
      <FieldValue>JAPAN</FieldValue>
      <FieldType>Dropdown</FieldType>
      <FieldOptions>
        <string>JAPAN</string>
        <string>USA</string>
        <string>JAP2N</string>
        <string>EXPORT</string>
        <string>CHINA</string>
      </FieldOptions>
    </FieldInformation>
    <FieldInformation>
      <CategoryName>General</CategoryName>
      <FieldName>PcbRegion</FieldName>
      <FieldValue>JAPAN</FieldValue>
      <FieldType>Dropdown</FieldType>
      <FieldOptions>
        <string>JAPAN</string>
        <string>USA</string>
        <string>JAP2N</string>
        <string>EXPORT</string>
        <string>CHINA</string>
      </FieldOptions>
    </FieldInformation>
    <FieldInformation>
      <CategoryName>General</CategoryName>
      <FieldName>FreePlay</FieldName>
      <FieldValue>1</FieldValue>
      <FieldType>Bool</FieldType>
    </FieldInformation>
    <FieldInformation>
      <CategoryName>General</CategoryName>
      <FieldName>Windowed</FieldName>
      <FieldValue>1</FieldValue>
      <FieldType>Bool</FieldType>
    </FieldInformation>
    <FieldInformation>
      <CategoryName>General</CategoryName>
      <FieldName>Enable Outputs</FieldName>
      <FieldValue>0</FieldValue>
      <FieldType>Bool</FieldType>
    </FieldInformation>
  </ConfigValues>
  <JoystickButtons>
    <JoystickButtons>
      <ButtonName>Test</ButtonName>
      <InputMapping>Test</InputMapping>
    </JoystickButtons>
    <JoystickButtons>
      <ButtonName>Service 1</ButtonName>
      <InputMapping>Service1</InputMapping>
    </JoystickButtons>
    <JoystickButtons>
      <ButtonName>Service 2</ButtonName>
      <InputMapping>Service2</InputMapping>
    </JoystickButtons>
    <JoystickButtons>
      <ButtonName>Coin 1</ButtonName>
      <InputMapping>Coin1</InputMapping>
    </JoystickButtons>
    <JoystickButtons>
      <ButtonName>Coin 2</ButtonName>
      <InputMapping>Coin2</InputMapping>
    </JoystickButtons>
    <JoystickButtons>
      <ButtonName>Player 1 Start</ButtonName>
      <InputMapping>P1ButtonStart</InputMapping>
    </JoystickButtons>
    <JoystickButtons>
      <ButtonName>Player 1 Light Gun</ButtonName>
      <InputMapping>P1LightGun</InputMapping>
      <HideWithDirectInput>true</HideWithDirectInput>
      <HideWithXInput>true</HideWithXInput>
    </JoystickButtons>
    <JoystickButtons>
      <ButtonName>Player 1 Gun Up</ButtonName>
      <InputMapping>P1ButtonUp</InputMapping>
      <HideWithRawInput>true</HideWithRawInput>
    </JoystickButtons>
    <JoystickButtons>
      <ButtonName>Player 1 Gun Down</ButtonName>
      <InputMapping>P1ButtonDown</InputMapping>
      <HideWithRawInput>true</HideWithRawInput>
    </JoystickButtons>
    <JoystickButtons>
      <ButtonName>Player 1 Gun Left</ButtonName>
      <InputMapping>P1ButtonLeft</InputMapping>
      <HideWithRawInput>true</HideWithRawInput>
    </JoystickButtons>
    <JoystickButtons>
      <ButtonName>Player 1 Gun Right</ButtonName>
      <InputMapping>P1ButtonRight</InputMapping>
      <HideWithRawInput>true</HideWithRawInput>
    </JoystickButtons>
    <JoystickButtons>
      <ButtonName>Player 1 Gun Trigger</ButtonName>
      <InputMapping>P1Button1</InputMapping>
    </JoystickButtons>
    <JoystickButtons>
      <ButtonName>Player 1 Special</ButtonName>
      <InputMapping>P1Button2</InputMapping>
    </JoystickButtons>
    <JoystickButtons>
      <ButtonName>Player 2 Start</ButtonName>
      <InputMapping>P2ButtonStart</InputMapping>
    </JoystickButtons>
    <JoystickButtons>
      <ButtonName>Player 2 Light Gun</ButtonName>
      <InputMapping>P2LightGun</InputMapping>
      <HideWithDirectInput>true</HideWithDirectInput>
      <HideWithXInput>true</HideWithXInput>
    </JoystickButtons>
    <JoystickButtons>
      <ButtonName>Player 2 Gun Up</ButtonName>
      <InputMapping>P2ButtonUp</InputMapping>
      <HideWithRawInput>true</HideWithRawInput>
    </JoystickButtons>
    <JoystickButtons>
      <ButtonName>Player 2 Gun Down</ButtonName>
      <InputMapping>P2ButtonDown</InputMapping>
      <HideWithRawInput>true</HideWithRawInput>
    </JoystickButtons>
    <JoystickButtons>
      <ButtonName>Player 2 Gun Left</ButtonName>
      <InputMapping>P2ButtonLeft</InputMapping>
      <HideWithRawInput>true</HideWithRawInput>
    </JoystickButtons>
    <JoystickButtons>
      <ButtonName>Player 2 Gun Right</ButtonName>
      <InputMapping>P2ButtonRight</InputMapping>
      <HideWithRawInput>true</HideWithRawInput>
    </JoystickButtons>
    <JoystickButtons>
      <ButtonName>Player 2 Gun Trigger</ButtonName>
      <InputMapping>P2Button1</InputMapping>
    </JoystickButtons>
    <JoystickButtons>
      <ButtonName>Player 2 Special</ButtonName>
      <InputMapping>P2Button2</InputMapping>
    </JoystickButtons>
  </JoystickButtons>
</GameProfile>
