﻿<?xml version="1.0" encoding="utf-8"?>
<GameProfile xmlns:xsi="http://www.w3.org/2001/XMLSchema-instance" xmlns:xsd="http://www.w3.org/2001/XMLSchema">
  <GameName>Initial D: Arcade Stage 4 (Japanese)</GameName>
  <GameGenre>Racing</GameGenre>
  <GamePath/>
  <TestMenuParameter>-t</TestMenuParameter>
  <TestMenuIsExecutable>false</TestMenuIsExecutable>
  <ExtraParameters/>
  <TestMenuExtraParameters/>
  <IconName>Icons\ID4Jap.png</IconName>
  <EmulationProfile>SegaInitialDLindbergh</EmulationProfile>
  <GameProfileRevision>18</GameProfileRevision>
  <HasSeparateTestMode>true</HasSeparateTestMode>
  <EmulatorType>Lindbergh</EmulatorType>
  <ConfigValues>
    <FieldInformation>
      <CategoryName>General</CategoryName>
      <FieldName>Input API</FieldName>
      <FieldValue>DirectInput</FieldValue>
      <FieldType>Dropdown</FieldType>
      <FieldOptions>
        <string>DirectInput</string>
        <string>XInput</string>
      </FieldOptions>
    </FieldInformation>
    <FieldInformation>
      <CategoryName>General</CategoryName>
      <FieldName>EnableAmdFix</FieldName>
      <FieldValue>0</FieldValue>
      <FieldType>Bool</FieldType>
    </FieldInformation>
    <FieldInformation>
      <CategoryName>General</CategoryName>
      <FieldName>FreePlay</FieldName>
      <FieldValue>1</FieldValue>
      <FieldType>Bool</FieldType>
    </FieldInformation>
    <FieldInformation>
      <CategoryName>General</CategoryName>
      <FieldName>Windowed</FieldName>
      <FieldValue>1</FieldValue>
      <FieldType>Bool</FieldType>
    </FieldInformation>
    <FieldInformation>
      <CategoryName>General</CategoryName>
      <FieldName>RealGearshift</FieldName>
      <FieldValue>0</FieldValue>
      <FieldType>Bool</FieldType>
    </FieldInformation>
    <FieldInformation>
      <CategoryName>General</CategoryName>
      <FieldName>Use Keyboard/Button For Axis</FieldName>
      <FieldValue>0</FieldValue>
      <FieldType>Bool</FieldType>
    </FieldInformation>
    <FieldInformation>
      <CategoryName>General</CategoryName>
      <FieldName>Keyboard/Button Axis Wheel Sensitivity</FieldName>
      <FieldValue>Medium</FieldValue>
      <FieldType>Dropdown</FieldType>
      <FieldOptions>
        <string>Low</string>
        <string>Medium Low</string>
        <string>Medium</string>
        <string>Medium High</string>
        <string>High</string>
        <string>Instant</string>
      </FieldOptions>
    </FieldInformation>
    <FieldInformation>
      <CategoryName>General</CategoryName>
      <FieldName>Keyboard/Button Axis Pedal Sensitivity</FieldName>
      <FieldValue>Medium</FieldValue>
      <FieldType>Dropdown</FieldType>
      <FieldOptions>
        <string>Low</string>
        <string>Medium Low</string>
        <string>Medium</string>
        <string>Medium High</string>
        <string>High</string>
        <string>Instant</string>
      </FieldOptions>
    </FieldInformation>
	<FieldInformation>
      <CategoryName>General</CategoryName>
      <FieldName>ResolutionWidth</FieldName>
      <FieldValue>1360</FieldValue>
      <FieldType>Text</FieldType>
    </FieldInformation>
    <FieldInformation>
      <CategoryName>General</CategoryName>
      <FieldName>ResolutionHeight</FieldName>
      <FieldValue>768</FieldValue>
      <FieldType>Text</FieldType>
    </FieldInformation>
	<FieldInformation>
      <CategoryName>General</CategoryName>
      <FieldName>FrameBufferWidth</FieldName>
      <FieldValue>962</FieldValue>
      <FieldType>Text</FieldType>
    </FieldInformation>
	<FieldInformation>
      <CategoryName>General</CategoryName>
      <FieldName>FrameBufferHeight</FieldName>
      <FieldValue>768</FieldValue>
      <FieldType>Text</FieldType>
    </FieldInformation>
	<FieldInformation>
      <CategoryName>General</CategoryName>
      <FieldName>CourseSpecularWidth</FieldName>
      <FieldValue>64</FieldValue>
      <FieldType>Text</FieldType>
    </FieldInformation>
	<FieldInformation>
      <CategoryName>General</CategoryName>
      <FieldName>CourseSpecularHeight</FieldName>
      <FieldValue>64</FieldValue>
      <FieldType>Text</FieldType>
    </FieldInformation>
	<FieldInformation>
      <CategoryName>General</CategoryName>
      <FieldName>ShadowMapWidth</FieldName>
      <FieldValue>512</FieldValue>
      <FieldType>Text</FieldType>
    </FieldInformation>
	<FieldInformation>
      <CategoryName>General</CategoryName>
      <FieldName>ShadowMapHeight</FieldName>
      <FieldValue>512</FieldValue>
      <FieldType>Text</FieldType>
    </FieldInformation>
	<FieldInformation>
      <CategoryName>General</CategoryName>
      <FieldName>CharacterShadowMapWidth</FieldName>
      <FieldValue>512</FieldValue>
      <FieldType>Text</FieldType>
    </FieldInformation>	
	<FieldInformation>
      <CategoryName>General</CategoryName>
      <FieldName>CharacterShadowMapHeight</FieldName>
      <FieldValue>256</FieldValue>
      <FieldType>Text</FieldType>
    </FieldInformation>
	<FieldInformation>
      <CategoryName>General</CategoryName>
      <FieldName>SpecularWorkWidth</FieldName>
      <FieldValue>64</FieldValue>
      <FieldType>Text</FieldType>
    </FieldInformation>
	<FieldInformation>
      <CategoryName>General</CategoryName>
      <FieldName>SpecularWorkHeight</FieldName>
      <FieldValue>32</FieldValue>
      <FieldType>Text</FieldType>
    </FieldInformation>
	<FieldInformation>
      <CategoryName>General</CategoryName>
      <FieldName>SpecularWidth</FieldName>
      <FieldValue>512</FieldValue>
      <FieldType>Text</FieldType>
    </FieldInformation>
	<FieldInformation>
      <CategoryName>General</CategoryName>
      <FieldName>SpecularHeight</FieldName>
      <FieldValue>256</FieldValue>
      <FieldType>Text</FieldType>
    </FieldInformation>
	<FieldInformation>
      <CategoryName>General</CategoryName>
      <FieldName>GlareWidth</FieldName>
      <FieldValue>400</FieldValue>
      <FieldType>Text</FieldType>
    </FieldInformation>
	<FieldInformation>
      <CategoryName>General</CategoryName>
      <FieldName>GlareHeight</FieldName>
      <FieldValue>300</FieldValue>
      <FieldType>Text</FieldType>
    </FieldInformation>
	<FieldInformation>
      <CategoryName>Network</CategoryName>
      <FieldName>Dhcp</FieldName>
      <FieldValue>1</FieldValue>
      <FieldType>Bool</FieldType>
    </FieldInformation>
    <FieldInformation>
      <CategoryName>Network</CategoryName>
      <FieldName>Ip</FieldName>
      <FieldValue>192.168.1.2</FieldValue>
      <FieldType>Text</FieldType>
    </FieldInformation>
    <FieldInformation>
      <CategoryName>Network</CategoryName>
      <FieldName>Mask</FieldName>
      <FieldValue>255.255.255.0</FieldValue>
      <FieldType>Text</FieldType>
    </FieldInformation>
    <FieldInformation>
      <CategoryName>Network</CategoryName>
      <FieldName>Gateway</FieldName>
      <FieldValue>192.168.1.1</FieldValue>
      <FieldType>Text</FieldType>
    </FieldInformation>
    <FieldInformation>
      <CategoryName>Network</CategoryName>
      <FieldName>Dns1</FieldName>
      <FieldValue>192.168.1.1</FieldValue>
      <FieldType>Text</FieldType>
    </FieldInformation>
    <FieldInformation>
      <CategoryName>Network</CategoryName>
      <FieldName>Dns2</FieldName>
      <FieldValue>0.0.0.0</FieldValue>
      <FieldType>Text</FieldType>
    </FieldInformation>
    <FieldInformation>
      <CategoryName>Network</CategoryName>
      <FieldName>BroadcastIP</FieldName>
      <FieldValue>192.168.1.255</FieldValue>
      <FieldType>Text</FieldType>
    </FieldInformation>
    <FieldInformation>
      <CategoryName>Network</CategoryName>
      <FieldName>Cab1IP</FieldName>
      <FieldValue>192.168.1.2</FieldValue>
      <FieldType>Text</FieldType>
    </FieldInformation>
    <FieldInformation>
      <CategoryName>Network</CategoryName>
      <FieldName>Cab2IP</FieldName>
      <FieldValue>192.168.1.3</FieldValue>
      <FieldType>Text</FieldType>
    </FieldInformation>
  </ConfigValues>
  <JoystickButtons>
    <JoystickButtons>
      <ButtonName>Test</ButtonName>
      <InputMapping>Test</InputMapping>
    </JoystickButtons>
    <JoystickButtons>
      <ButtonName>Service</ButtonName>
      <InputMapping>Service1</InputMapping>
    </JoystickButtons>
    <JoystickButtons>
      <ButtonName>Coin</ButtonName>
      <InputMapping>Coin1</InputMapping>
    </JoystickButtons>
    <JoystickButtons>
      <ButtonName>Start</ButtonName>
      <InputMapping>P1ButtonStart</InputMapping>
    </JoystickButtons>
    <JoystickButtons>
      <ButtonName>Wheel Axis</ButtonName>
      <InputMapping>Analog0</InputMapping>
      <HideWithKeyboardForAxis>true</HideWithKeyboardForAxis>
      <AnalogType>Wheel</AnalogType>
    </JoystickButtons>
    <JoystickButtons>
      <ButtonName>Wheel Axis Left</ButtonName>
      <InputMapping>Analog0</InputMapping>
      <HideWithXInput>true</HideWithXInput>
      <HideWithoutKeyboardForAxis>true</HideWithoutKeyboardForAxis>
      <AnalogType>Wheel</AnalogType>
    </JoystickButtons>
    <JoystickButtons>
      <ButtonName>Wheel Axis Right</ButtonName>
      <InputMapping>Analog0</InputMapping>
      <HideWithXInput>true</HideWithXInput>
      <HideWithoutKeyboardForAxis>true</HideWithoutKeyboardForAxis>
      <AnalogType>Wheel</AnalogType>
    </JoystickButtons>
    <JoystickButtons>
      <ButtonName>Gas</ButtonName>
      <InputMapping>Analog2</InputMapping>
      <AnalogType>Gas</AnalogType>
    </JoystickButtons>
    <JoystickButtons>
      <ButtonName>Brake</ButtonName>
      <InputMapping>Analog4</InputMapping>
      <AnalogType>Brake</AnalogType>
    </JoystickButtons>
    <JoystickButtons>
      <ButtonName>Shift up</ButtonName>
      <InputMapping>P2ButtonUp</InputMapping>
    </JoystickButtons>
    <JoystickButtons>
      <ButtonName>Shift Down</ButtonName>
      <InputMapping>P2ButtonDown</InputMapping>
    </JoystickButtons>
    <JoystickButtons>
      <ButtonName>View Change</ButtonName>
      <InputMapping>P1Button1</InputMapping>
    </JoystickButtons>
    <JoystickButtons>
      <ButtonName>Menu Up</ButtonName>
      <InputMapping>P1ButtonUp</InputMapping>
    </JoystickButtons>
    <JoystickButtons>
      <ButtonName>Menu Down</ButtonName>
      <InputMapping>P1ButtonDown</InputMapping>
    </JoystickButtons>
    <JoystickButtons>
      <ButtonName>Menu Left</ButtonName>
      <InputMapping>P1ButtonLeft</InputMapping>
    </JoystickButtons>
    <JoystickButtons>
      <ButtonName>Menu Right</ButtonName>
      <InputMapping>P1ButtonRight</InputMapping>
    </JoystickButtons>
    <JoystickButtons>
      <ButtonName>Gear 1</ButtonName>
      <InputMapping>P2Button1</InputMapping>
    </JoystickButtons>
    <JoystickButtons>
      <ButtonName>Gear 2</ButtonName>
      <InputMapping>P2Button2</InputMapping>
    </JoystickButtons>
    <JoystickButtons>
      <ButtonName>Gear 3</ButtonName>
      <InputMapping>P2Button3</InputMapping>
    </JoystickButtons>
    <JoystickButtons>
      <ButtonName>Gear 4</ButtonName>
      <InputMapping>P2Button4</InputMapping>
    </JoystickButtons>
    <JoystickButtons>
      <ButtonName>Gear 5</ButtonName>
      <InputMapping>P2Button5</InputMapping>
    </JoystickButtons>
    <JoystickButtons>
      <ButtonName>Gear 6</ButtonName>
      <InputMapping>P2Button6</InputMapping>
    </JoystickButtons>
  </JoystickButtons>
</GameProfile>
